ime_avtomobila,znamka,leto_prve_registracije,prevozeni_kilometri,vrsta_motorja,vrsta_menjalnika,velikost_motorja,moc_motorja,cena
Alfa Romeo 147 1.9 JTD M-JET - le 179.000 km- ODLIÈNA- BREZ NAPAK,Alfa,2007,179000 km,diesel motor,ročni menjalnik,"1910 ccm,","88 kW / 120 KM
",3350
Alfa Romeo 159 Sportwagon 1.9 JTDM Progression,Alfa,2008,191000 km,diesel motor,avtomatski menjalnik,"1910 ccm,","110 kW / 150 KM
",2300
Alfa Romeo 159 Sportwagon 2.0 JTD M-JET,Alfa,2011,178152 km,diesel motor,ročni menjalnik,"1956 ccm,","125 kW / 170 KM
",4290
Alfa Romeo 166 2.4 JTD M-Jet Progression,Alfa,2004,295000 km,diesel motor,ročni menjalnik,"1995 ccm,","120 kW / 163 KM
",6990
Alfa Romeo 4C Coupe 1750 TBi,Alfa,2015,107888 km,bencinski motor,ročni menjalnik,"3824 ccm,","261 kW / 355 KM
",39990
Alfa Romeo Sprint Alfasud,Alfa,1980,133992 km,bencinski motor,ročni menjalnik,"1598 ccm,","81 kW / 110 KM
",5250
Audi A3 1.6 TDI S LINE+XENON+NAVI.+PRIKLOP,Audi,2015,162000 km,diesel motor,ročni menjalnik,"1598 ccm,","81 kW / 110 KM
",13490
Audi A3 1.6 TDI-NAVI-SPORT PAKET-GRET.SEDEEV-VISOK SIJAJ-,Audi,2009,299865 km,diesel motor,ročni menjalnik,"1598 ccm,","77 kW / 105 KM
",6650
Audi A3 Limuzina 1.5 TFSI S-line paket,Audi,2017,48000 km,bencinski motor,ročni menjalnik,"1498 ccm,","110 kW / 150 KM
",22900
Audi A3 Sportback   2.0 TDI  Ambition,Audi,2014,209000 km,diesel motor,ročni menjalnik,"1968 ccm,","110 kW / 150 KM
",9990
Audi A3 Sportback 1.4 TFSI e-tron Sport S tronic,Audi,2017,55000 km,hibridni pogon,avtomatski menjalnik,"1395 ccm,","110 kW / 150 KM
",20500
Audi A3 Sportback 2.0 TDI S-LINE NAVI 18 PLATIÈA KREDIT,Audi,2013,199000 km,diesel motor,ročni menjalnik,"1968 ccm,","110 kW / 150 KM
",14699
Audi A3 Sportback 2.0 TDI Sport S tronic,Audi,2017,117411 km,diesel motor,avtomatski menjalnik,"1968 ccm,","110 kW / 150 KM
",26900
Audi A3 Sportback 2.0 TDI Sport S-Line,Audi,2017,107886 km,diesel motor,ročni menjalnik,"1968 ccm,","110 kW / 150 KM
",6900
Audi A3 TDI+S LINE+XENON+LED+NAVI+PDC,Audi,2016,132610 km,diesel motor,ročni menjalnik,"1968 ccm,","110 kW / 150 KM
",15495
Audi A4 1.9 TDI,Audi,2005,317000 km,diesel motor,ročni menjalnik,"1896 ccm,","85 kW / 116 KM
",3000
Audi A4 2.0 TDI DPF,Audi,2008,290000 km,diesel motor,ročni menjalnik,"1968 ccm,","105 kW / 143 KM
",7500
Audi A4 2.0 TDI DPF,Audi,2006,219000 km,diesel motor,ročni menjalnik,"1968 ccm,","125 kW / 170 KM
",5050
Audi A4 2.0 TDI S-LINE+MATRIX LED+3D NAVI+PDC+GARANCIJA+,Audi,2017,148322 km,diesel motor,avtomatski menjalnik,"1968 ccm,","110 kW / 150 KM
",22885
Audi A4 2.0 TDI-NAVI-SPORT PAKET-2X LED+XENON-TEMPO-2X PDC,Audi,2012,238000 km,diesel motor,ročni menjalnik,"1968 ccm,","105 kW / 143 KM
",9490
Audi A4 2.0 TDI-NAVI.-LED-XENON-SERVIS.KNJI.-ODLIÈEN,Audi,2009,247000 km,diesel motor,ročni menjalnik,"1968 ccm,","103 kW / 140 KM
",8600
Audi A4 2.0TDI Matrix Virtual Sport-Paket ACC ALU19 Assist,Audi,2018,135752 km,diesel motor,avtomatski menjalnik,"1968 ccm,","110 kW / 150 KM
",21980
Audi A4 2.7 TDI Avtomatik-OBROK 175EUR - POLOG 2100EUR,Audi,2008,266157 km,diesel motor,avtomatski menjalnik,"2698 ccm,","140 kW / 190 KM
",7300
Audi A4 AVANT 2.0 TDI SPORT-AUT.-XSENON-NAVI-ALU18-KREDIT-,Audi,2012,330510 km,diesel motor,avtomatski menjalnik,"1968 ccm,","130 kW / 177 KM
",7777
Audi A4 Avant 2.0 TDI Design S tronic NAVI.KAMERA.F1,Audi,2017,149268 km,diesel motor,avtomatski menjalnik,"1968 ccm,","110 kW / 150 KM
",18780
Audi A4 Avant 2.0 TDI Sport S tronic S-LINE,Audi,2016,188200 km,diesel motor,avtomatski menjalnik,"1968 ccm,","140 kW / 190 KM
",21900
Audi A4 Avant 2.0 TDI ULTRA  BI-XENON,Audi,2016,173065 km,diesel motor,ročni menjalnik,"1968 ccm,","110 kW / 150 KM
",15650
Audi A4 Avant quattro 1.9 TDI,Audi,2004,474000 km,diesel motor,ročni menjalnik,"1896 ccm,","96 kW / 131 KM
",2400
Audi A4 Avant quattro 2.0 TDI 2 x Sline - S tronic Matrix,Audi,2017,54000 km,diesel motor,avtomatski menjalnik,"1968 ccm,","140 kW / 190 KM
",28990
Audi A4 Avant quattro 2.0 TDI Design S tronic,Audi,2016,141406 km,diesel motor,avtomatski menjalnik,"1968 ccm,","140 kW / 190 KM
",16480
Audi A4 ODPRTI SMO-2.0 TDI OBROK 173EUR - POLOG 2475EUR,Audi,2008,274191 km,diesel motor,ročni menjalnik,"1968 ccm,","105 kW / 143 KM
",9900
Audi A5 2.0 ODPRTI SMO-S-line OBROK 265EUR - POLOG 3500EU,Audi,2012,233753 km,diesel motor,ročni menjalnik,"1968 ccm,","130 kW / 177 KM
",15490
Audi A5 COUPE 2.0 TDI 4×4 19 COL S-LINE XENON NAVI TOP,Audi,2010,185000 km,diesel motor,ročni menjalnik,"2143 ccm,","150 kW / 204 KM
",11990
Audi A5 Coupe  2.0 TDI Sport,Audi,2012,264000 km,diesel motor,ročni menjalnik,"1968 ccm,","130 kW / 177 KM
",10900
Audi A5 Coupe  2.0 TDI Sport S tronic VIRTUALNI TEVCI Led,Audi,2017,75323 km,diesel motor,avtomatski menjalnik,"1968 ccm,","140 kW / 190 KM
",27990
Audi A5 Coupe  2.0 TFSI Sport  NAVI PDC ODLIÈEN KOT NOV,Audi,2017,46780 km,bencinski motor,ročni menjalnik,"1984 ccm,","140 kW / 190 KM
",26990
Audi A5 Coupe  2.7 TDI DPF Multitronic+LED+ATRAKTIVEN+LEP+,Audi,2009,298000 km,diesel motor,avtomatski menjalnik,"2698 ccm,","140 kW / 190 KM
",8450
Audi A5 Coupe  quattro 2.0 TDI S-LINE MATRIX  VIRTUAL TOP,Audi,2017,39255 km,diesel motor,avtomatski menjalnik,"1968 ccm,","140 kW / 190 KM
",30990
Audi A5 Sportback 2.0 TDI Business Sport-KOT NOV Z MALO KM,Audi,2016,53000 km,diesel motor,ročni menjalnik,"1968 ccm,","110 kW / 150 KM
",21590
Audi A5 Sportback 2.0 TDI SPORT S-TRONIC ALCANTARA XENON,Audi,2017,125900 km,diesel motor,avtomatski menjalnik,"1968 ccm,","140 kW / 190 KM
",25990
Audi A6 2.0 TDI ODPRTI SMO-OBROK 253EUR - POLOG 3622EUR,Audi,2012,270080 km,diesel motor,avtomatski menjalnik,"1968 ccm,","130 kW / 177 KM
",14490
Audi A6 2.0 TDI-130KW-AVT-164.200km-NAVI-LED+XENON-GR.SED-,Audi,2012,164200 km,diesel motor,avtomatski menjalnik,"1968 ccm,","130 kW / 177 KM
",14900
Audi A6 Avant 1.9 TDI,Audi,2002,287000 km,diesel motor,ročni menjalnik,"1896 ccm,","96 kW / 131 KM
",1700
Audi A6 Avant 2.0 TDI Business Multitronic,Audi,2013,302000 km,diesel motor,avtomatski menjalnik,"1968 ccm,","130 kW / 177 KM
",9999
Audi A6 Avant 2.0 TDI Business S tronic S-line Matrix,Audi,2015,240000 km,diesel motor,avtomatski menjalnik,"1968 ccm,","140 kW / 190 KM
",18800
Audi A6 Avant 2.7 V6 TDI DPF Multitronic,Audi,2008,368570 km,diesel motor,avtomatski menjalnik,"2698 ccm,","140 kW / 190 KM
",7790
Audi A6 Avant quattro 3.0 V6 TDI,Audi,2005,334000 km,diesel motor,ročni menjalnik,"2967 ccm,","165 kW / 224 KM
",3800
Audi A6 ODPRTI SMO 2.0 TDI OBROK 180EUR - POLOG 2600EUR,Audi,2010,199699 km,diesel motor,ročni menjalnik,"1968 ccm,","125 kW / 170 KM
",10490
Audi A6 quattro 2.6 E,Audi,1995,214000 km,bencinski motor,ročni menjalnik,"2598 ccm,","110 kW / 150 KM
",1010
Audi A6 quattro 3.0 V6 TDI DPF Tiptronic,Audi,2006,270000 km,diesel motor,avtomatski menjalnik,"2967 ccm,","171 kW / 232 KM
",3700
Audi A7 Sportback quattro 3.0 TDI S-tronic,Audi,2011,283000 km,diesel motor,avtomatski menjalnik,"2967 ccm,","180 kW / 245 KM
",18400
Audi A7 Sportback quattro 3.0 TDI S-tronic,Audi,2011,266000 km,diesel motor,avtomatski menjalnik,"2967 ccm,","180 kW / 245 KM
",17590
Audi A7 quattro 3.0 TDI S-tronic-SLO-F1-LED-20COL,Audi,2010,255000 km,diesel motor,avtomatski menjalnik,"2967 ccm,","180 kW / 245 KM
",19300
Audi A8 4.2-KREDIT DO 60 OBROKOV BREZ POLOGA-,Audi,2008,303000 km,diesel motor,avtomatski menjalnik,"2497 ccm,","130 kW / 177 KM
",7500
Audi A8 50 TDI quattro Tiptronic. MATRIX. ACC,Audi,2019,13000 km,diesel motor,avtomatski menjalnik,"2967 ccm,","210 kW / 286 KM
",73900
Audi A8 50 TDI quattro Tiptronic.MATRIX. ACC,Audi,2019,16000 km,diesel motor,avtomatski menjalnik,"2967 ccm,","210 kW / 286 KM
",72900
Audi A8 L 50 TDI Q. MATRIX. LASER. HEAD-UP. PANO. WEBASTO,Audi,2018,65000 km,diesel motor,avtomatski menjalnik,"2967 ccm,","210 kW / 286 KM
",71500
Audi A8 quattro 3.0 V6 TDI Tiptronic,Audi,2004,390000 km,diesel motor,avtomatski menjalnik,"2967 ccm,","171 kW / 232 KM
",5000
Audi Q3 2.o TDi Q.|4x4 Stronic°f1 4Edition Sport Plus|Top,Audi,2017,113983 km,diesel motor,avtomatski menjalnik,"1968 ccm,","110 kW / 150 KM
",21999
Audi Q5 quattro 40 TDI Sport S tronic - SLOVENSKO VOZILO,Audi,2020,7100 km,diesel motor,avtomatski menjalnik,"1968 ccm,","140 kW / 190 KM
",51490
Audi Q7 ODPRTI SMO-quattro 3.0 TDI ,Audi,2006,342187 km,diesel motor,avtomatski menjalnik,"2967 ccm,","171 kW / 232 KM
",9900
Audi Q7 quattro 3.0 TDI Tiptronic,Audi,2016,180000 km,diesel motor,avtomatski menjalnik,"2967 ccm,","200 kW / 272 KM
",38900
Audi Q8 50 TDI S-LINE+SLO+MATRIX LED+,Audi,2019,17410 km,diesel motor,avtomatski menjalnik,"2967 ccm,","210 kW / 286 KM
",89885
Audi TT 2.0 T FSI ODLICEN MOZNA MENJAVA UREDIMO KREDIT ,Audi,2008,262348 km,bencinski motor,ročni menjalnik,"1984 ccm,","147 kW / 200 KM
",8999
Audi TT 225hp quattro,Audi,1998,200000 km,bencinski motor,ročni menjalnik,"1781 ccm,","165 kW / 224 KM
",5200
Audi TT Coupe  2.0 T FSI,Audi,2008,176000 km,bencinski motor,ročni menjalnik,"1984 ccm,","147 kW / 200 KM
",10100
Audi TT Coupe  2.0 TDI DPF quattro,Audi,2008,210000 km,diesel motor,ročni menjalnik,"1968 ccm,","125 kW / 170 KM
",8000
BMW M4 COMPETITION 450 KM,BMW,2016,95000 km,bencinski motor,avtomatski menjalnik,"2979 ccm,","331 kW / 450 KM
",51504
BMW M6 ,BMW,2007,198765 km,bencinski motor,avtomatski menjalnik,velikost motorja ni znana,"330 kW / 449 KM
",23950
BMW serija 1: 116d,BMW,2009,288598 km,diesel motor,ročni menjalnik,"1995 ccm,","85 kW / 116 KM
",3999
BMW serija 1: 118d Sport sedei.webasto.HARMAN,BMW,2013,183000 km,diesel motor,ročni menjalnik,"1995 ccm,","105 kW / 143 KM
",9997
BMW serija 1: 118d xDrive-SLO-1.lastnica-88.000 km,BMW,2016,88000 km,diesel motor,ročni menjalnik,"1995 ccm,","110 kW / 150 KM
",16800
BMW serija 1: 120d Coupe+BREZ POLOGA+MENJANA VERIGA POGONSKA+,BMW,2008,182531 km,diesel motor,ročni menjalnik,"1995 ccm,","130 kW / 177 KM
",7485
BMW serija 1: 123d M SPORTPAKET,BMW,2007,277000 km,diesel motor,ročni menjalnik,"1995 ccm,","150 kW / 204 KM
",8450
BMW serija 1: 123d M-SPORTPAKET II BI-XENON LOGIC 7.1 ALU 250KM,BMW,2009,260000 km,diesel motor,ročni menjalnik,"1995 ccm,","150 kW / 204 KM
",10800
BMW serija 2: ,BMW,2015,49142 km,bencinski motor,avtomatski menjalnik,"1500 ccm,","100 kW / 136 KM
",16800
BMW serija 2: 216d-NAVI-PDC-EL. PRTLJANIK-MULTIFUNKCIJA,BMW,2015,106500 km,diesel motor,ročni menjalnik,"1496 ccm,","85 kW / 116 KM
",11990
BMW serija 2: 218d Active Tourer STEPTRONIC.LED.NAVI.PDC.PARKPIL,BMW,2017,15000 km,diesel motor,avtomatski menjalnik,"1995 ccm,","110 kW / 150 KM
",19499
BMW serija 2: 218d Active Tourer Sport Line+NAVI+ALU+ODLIÈEN,BMW,2016,168000 km,diesel motor,ročni menjalnik,"1995 ccm,","110 kW / 150 KM
",13999
BMW serija 2: 218d Active Tourer Sport Line.STEPTRONIC.NAVI.HIFI,BMW,2015,150000 km,diesel motor,avtomatski menjalnik,"1995 ccm,","110 kW / 150 KM
",13899
BMW serija 2: 218d Active Tourer Sport. NEMKO VOZILO. 1LASTNIK ,BMW,2018,92000 km,diesel motor,ročni menjalnik,"1995 ccm,","110 kW / 150 KM
",17799
BMW serija 2: 218d Active Tourer.AUT.LED.NAVI.HEADUP.PANORAMA...,BMW,2015,136000 km,diesel motor,avtomatski menjalnik,"1995 ccm,","110 kW / 150 KM
",14999
BMW serija 2: 218d Gran Tourer Sport Line.AUT.LED.NAVI.7 SEDEEV,BMW,2017,159000 km,diesel motor,avtomatski menjalnik,"1995 ccm,","110 kW / 150 KM
",16999
BMW serija 2: 220d Gran Tourer AUTOMATIC.LED.NAVI.HEADUP.ALU 17,BMW,2016,161000 km,diesel motor,avtomatski menjalnik,"1995 ccm,","140 kW / 190 KM
",15799
BMW serija 2: 220d xDrive AT.AUT.LED.NAVI.PANORAMA.USNJE.SERVISN,BMW,2015,204000 km,diesel motor,avtomatski menjalnik,"1995 ccm,","140 kW / 190 KM
",13999
BMW serija 2: 220d xDrive Gran Tourer M Sport AUT..LED.NAVI.HUD,BMW,2015,164000 km,diesel motor,avtomatski menjalnik,"1995 ccm,","140 kW / 190 KM
",17999
BMW serija 2: 225xe iPerformance Active Tourer SportLine Avt.4X4,BMW,2016,83000 km,hibridni pogon,avtomatski menjalnik,"1499 ccm,","165 kW / 224 KM
",20499
BMW serija 3: 316d,BMW,2012,255000 km,diesel motor,ročni menjalnik,"1995 ccm,","85 kW / 116 KM
",11990
BMW serija 3: 316d MODERN XENON NAVI,BMW,2013,145300 km,diesel motor,avtomatski menjalnik,"1995 ccm,","85 kW / 116 KM
",13550
BMW serija 3: 318Ci-COUPE-SPORTNI SEDEZI-ALU PLATISCA,BMW,2000,256000 km,bencinski motor,ročni menjalnik,"1895 ccm,","87 kW / 118 KM
",1850
BMW serija 3: 318d,BMW,2006,296000 km,diesel motor,ročni menjalnik,"1986 ccm,","85 kW / 116 KM
",2000
BMW serija 3: 318d OBROK 385EUR - POLOG 5497EUR,BMW,2012,245304 km,diesel motor,ročni menjalnik,"1995 ccm,","105 kW / 143 KM
",21990
BMW serija 3: 318d Touring,BMW,2014,290000 km,diesel motor,ročni menjalnik,"1995 ccm,","100 kW / 136 KM
",8200
BMW serija 3: 318d Touring,BMW,2014,112300 km,diesel motor,ročni menjalnik,"1995 ccm,","105 kW / 143 KM
",13590
BMW serija 3: 318d Touring Advantage Business,BMW,2017,130273 km,diesel motor,avtomatski menjalnik,"1995 ccm,","110 kW / 150 KM
",15480
BMW serija 3: 318d Touring Modern line,BMW,2014,193000 km,diesel motor,avtomatski menjalnik,"1995 ccm,","105 kW / 143 KM
",13500
BMW serija 3: 318d aut-M-alu 18-samo 107000km,BMW,2010,107000 km,diesel motor,avtomatski menjalnik,"1995 ccm,","105 kW / 143 KM
",7940
BMW serija 3: 318d-NAVI-BI.XENON-PDC-20.COL-HEAD.UP-MEMORY,BMW,2013,189000 km,diesel motor,avtomatski menjalnik,"1995 ccm,","105 kW / 143 KM
",12950
BMW serija 3: 318is Coupé,BMW,1994,230000 km,bencinski motor,ročni menjalnik,"1796 ccm,","103 kW / 140 KM
",3500
BMW serija 3: 318is Coupé M-OPTIC,BMW,1997,170197 km,bencinski motor,ročni menjalnik,"1895 ccm,","103 kW / 140 KM
",6750
BMW serija 3: 320,BMW,2000,194900 km,bencinski motor,avtomatski menjalnik,"1995 ccm,","110 kW / 150 KM
",2450
BMW serija 3: 320d,BMW,2002,260 km,diesel motor,ročni menjalnik,"1995 ccm,","110 kW / 150 KM
",1800
BMW serija 3: 320d 164ks-BiXENON-ALPINE-USNJE-VELIKA NAVIGACIJA,BMW,2012,249000 km,diesel motor,ročni menjalnik,"1995 ccm,","120 kW / 163 KM
",7950
BMW serija 3: 320d touring,BMW,2004,290123 km,diesel motor,ročni menjalnik,"1995 ccm,","110 kW / 150 KM
",999
BMW serija 3: 320d xDrive 1.LASTNIK SLO BI-XENON USNJE ALU18 PDC,BMW,2009,250000 km,diesel motor,avtomatski menjalnik,"1995 ccm,","130 kW / 177 KM
",7490
BMW serija 3: 320d xDrive Gran Turismo LUXURY line,BMW,2014,208000 km,diesel motor,avtomatski menjalnik,"1995 ccm,","135 kW / 184 KM
",16000
BMW serija 3: 320d xDrive Gran Turismo M Sport.AUTOMATIC........,BMW,2015,135000 km,diesel motor,avtomatski menjalnik,"1995 ccm,","135 kW / 184 KM
",19499
BMW serija 3: 320d xDrive M Sport Avt.-HK-ACC-NAVI PROF-KAMERA,BMW,2019,41780 km,diesel motor,avtomatski menjalnik,"1995 ccm,","140 kW / 190 KM
",37490
BMW serija 3: 320d-ODLIÈEN-XENON-USNJE-PDC-TEMPOMAT-SERVISNA KNJ,BMW,2010,289000 km,diesel motor,ročni menjalnik,"1995 ccm,","135 kW / 184 KM
",6450
BMW serija 3: 320d-XENON-SPORT SEDEI-FINANCIRANJE-..,BMW,2002,300000 km,diesel motor,ročni menjalnik,"1995 ccm,","110 kW / 150 KM
",1990
BMW serija 3: 323Ci,BMW,2000,330000 km,bencinski motor,ročni menjalnik,"2494 ccm,","125 kW / 170 KM
",1200
BMW serija 3: 325Cd,BMW,2007,236800 km,diesel motor,ročni menjalnik,"2993 ccm,","145 kW / 197 KM
",8999
BMW serija 3: 335i M-Optic,BMW,2007,230000 km,bencinski motor,avtomatski menjalnik,"2979 ccm,","225 kW / 306 KM
",13900
BMW serija 3: E21  315,BMW,1982,159000 km,bencinski motor,ročni menjalnik,"1561 ccm,","55 kW / 75 KM
",4950
BMW serija 3: M-ODPRTI SMO-OBROK 295 EUR - POLOG 4230 EUR,BMW,2012,161289 km,diesel motor,ročni menjalnik,"1995 ccm,","135 kW / 184 KM
",16900
BMW serija 4: 418d Gran Coupé Sport Line,BMW,2016,220000 km,diesel motor,avtomatski menjalnik,"1995 ccm,","110 kW / 150 KM
",15150
BMW serija 4: 420Xd-90.000km+Bi-XENON-STRENO OKNO+R-KAMERA-,BMW,2017,90423 km,diesel motor,avtomatski menjalnik,"1995 ccm,","140 kW / 190 KM
",29788
BMW serija 4: 420d Coupé,BMW,2015,60730 km,diesel motor,avtomatski menjalnik,"1995 ccm,","140 kW / 190 KM
",22580
BMW serija 4: 420d Coupé 190km,BMW,2015,161000 km,diesel motor,ročni menjalnik,"1995 ccm,","140 kW / 190 KM
",15590
BMW serija 4: 430i xDrive Gran Coupé M Sport Avt.,BMW,2016,46000 km,bencinski motor,avtomatski menjalnik,"1998 ccm,","185 kW / 252 KM
",28500
BMW serija 4: 440i xDrive Avt. M SPORT+AKRAPOVIÈ+PANORAMA+20 COL,BMW,2019,29900 km,bencinski motor,avtomatski menjalnik,"2998 ccm,","240 kW / 326 KM
",54990
BMW serija 4: Sport line 56.000km,BMW,2016,56000 km,diesel motor,avtomatski menjalnik,"1995 ccm,","110 kW / 150 KM
",18900
BMW serija 5: 520d,BMW,2008,231000 km,diesel motor,ročni menjalnik,"1995 ccm,","130 kW / 177 KM
",6300
BMW serija 5: 520d,BMW,2013,143000 km,diesel motor,avtomatski menjalnik,"1995 ccm,","135 kW / 184 KM
",16300
BMW serija 5: 520d ODLIÈEN SLOVENSKI,BMW,2008,280000 km,diesel motor,avtomatski menjalnik,"1995 ccm,","130 kW / 177 KM
",5200
BMW serija 5: 520d ODPRTI SMO OBROK 262EUR - POLOG 3747EUR,BMW,2012,299606 km,diesel motor,ročni menjalnik,"1995 ccm,","135 kW / 184 KM
",14990
BMW serija 5: 520d touring Avt.,BMW,2012,206000 km,diesel motor,avtomatski menjalnik,"1995 ccm,","135 kW / 184 KM
",12900
BMW serija 5: 520d touring Avt.,BMW,2012,236500 km,diesel motor,avtomatski menjalnik,"1995 ccm,","120 kW / 163 KM
",10900
BMW serija 5: 520d-M PAKET-SOFT-KAMERA-LIZING ZA TUJCE-ODLIÈEN,BMW,2014,154000 km,diesel motor,avtomatski menjalnik,"1995 ccm,","140 kW / 190 KM
",16850
BMW serija 5: 520iA estvaljnik,BMW,1983,200000 km,bencinski motor,avtomatski menjalnik,"1998 ccm,","92 kW / 125 KM
",6000
BMW serija 5: 525d,BMW,2004,422000 km,diesel motor,ročni menjalnik,"2497 ccm,","120 kW / 163 KM
",4000
BMW serija 5: 525d ODPRTI SMO-OBROK 113EUR - POLOG 1622EUR,BMW,2004,351390 km,diesel motor,ročni menjalnik,"2497 ccm,","130 kW / 177 KM
",6490
BMW serija 5: 525d xDrive touring Avt.M VOLAN.XENON.NAVI........,BMW,2016,162000 km,diesel motor,avtomatski menjalnik,"1995 ccm,","160 kW / 218 KM
",17899
BMW serija 5: 530D ODPRTI SMO-OBROK 285EUR - POLOG 4000EUR,BMW,2010,283466 km,diesel motor,avtomatski menjalnik,"2993 ccm,","180 kW / 245 KM
",16790
BMW serija 5: 530d,BMW,2004,330 km,diesel motor,avtomatski menjalnik,"2993 ccm,","160 kW / 218 KM
",3350
BMW serija 5: 530d M.OPTIK-BI.XENON-NAVI-STR.OKNO-PDC-21.COL-,BMW,2011,225000 km,diesel motor,avtomatski menjalnik,"2993 ccm,","180 kW / 245 KM
",14950
BMW serija 5: M optik ODPRTI SMO- OBROK 230EUR - POLOG 3500EUR,BMW,2010,241788 km,diesel motor,ročni menjalnik,"1995 ccm,","135 kW / 184 KM
",13990
BMW serija 5: M-PAKET Avtomatik OBROK 230EUR - POLOG 3400EUR ,BMW,2010,299355 km,diesel motor,avtomatski menjalnik,"1995 ccm,","135 kW / 184 KM
",3500
BMW serija 6: 635d Avt. HEAD UP DISPEJ NAVI USNJE ,BMW,2009,256070 km,diesel motor,avtomatski menjalnik,"2993 ccm,","210 kW / 286 KM
",18500
BMW serija 6: 640d xDrive Gran Coupé FULL LED PANO KAMERA USNJE,BMW,2014,165000 km,bencinski motor,avtomatski menjalnik,"3798 ccm,","144 kW / 196 KM
",3490
BMW serija 6: 640d-M PAKET-119.000KM-SOFT CLOSE-KEYLESS-LED LUÈI..,BMW,2013,119000 km,diesel motor,avtomatski menjalnik,"2993 ccm,","230 kW / 313 KM
",29850
BMW serija 7: 730d Avt. High Executive-LED-20 COL-ZELO LEPA,BMW,2018,50400 km,diesel motor,avtomatski menjalnik,"2993 ccm,","195 kW / 265 KM
",54990
BMW serija 7: 730d Avt. ODPRTI SMO-OBROK 244EUR - POLOG 3497EUR,BMW,2010,303888 km,diesel motor,avtomatski menjalnik,"2993 ccm,","180 kW / 245 KM
",13990
BMW serija 7: 730d Avt.-SLOVENSKI-ODLIÈEN-KOT NOV-SERV.KNJIGA,BMW,2009,275225 km,diesel motor,avtomatski menjalnik,"2993 ccm,","180 kW / 245 KM
",15490
BMW serija 8: 840XD-1-LASTNIK-VSA MONA OPREMA-SLOVENSKO VOZILO,BMW,2020,4200 km,diesel motor,avtomatski menjalnik,"2993 ccm,","235 kW / 320 KM
",129950
BMW serija 8: 840d xDrive Coupe-1.LASTNIK-SLOVENSKI-VSA OPR MFQe,BMW,2019,17500 km,diesel motor,avtomatski menjalnik,"2993 ccm,","235 kW / 320 KM
",109900
BMW serija X1: sDrive16d,BMW,2014,157900 km,diesel motor,avtomatski menjalnik,"1995 ccm,","85 kW / 116 KM
",13300
BMW serija X1: xDrive18d.SPORTLINE.M VOLAN.SPORT SEDEI.HIFI.PDC,BMW,2015,172000 km,diesel motor,ročni menjalnik,"1995 ccm,","105 kW / 143 KM
",12999
BMW serija X1: xDrive20d M-OPTIK,BMW,2016,166000 km,diesel motor,avtomatski menjalnik,"1995 ccm,","140 kW / 190 KM
",23500
BMW serija X2: X2 xDrive20d M Sport X Avt.VSA OPREMA.KOT NOV.....,BMW,2018,72000 km,diesel motor,avtomatski menjalnik,"1995 ccm,","140 kW / 190 KM
",33499
BMW serija X3: xDrive 20d,BMW,2014,208000 km,diesel motor,ročni menjalnik,"1995 ccm,","140 kW / 190 KM
",13000
BMW serija X3: xDrive 20d M Sport Avt.,BMW,2018,20000 km,diesel motor,avtomatski menjalnik,"1995 ccm,","140 kW / 190 KM
",42990
BMW serija X3: xDrive18d SLO - 1 LASTNIK ,BMW,2009,156300 km,diesel motor,ročni menjalnik,"1995 ccm,","105 kW / 143 KM
",51990
BMW serija X5: sDrive25d Avt.,BMW,2015,160000 km,diesel motor,avtomatski menjalnik,"1995 ccm,","170 kW / 231 KM
",31000
BMW serija X5: xDrive30d Avt. 7 sedeev - PANO,BMW,2013,179000 km,diesel motor,avtomatski menjalnik,"2993 ccm,","190 kW / 258 KM
",30990
BMW serija X5: xDrive30d Avt. M-Paket - 1. last.  garanc. kilom. ,BMW,2015,125731 km,diesel motor,avtomatski menjalnik,"2993 ccm,","190 kW / 258 KM
",42900
BMW serija X5: xDrive35d Avt. OBROK 236EUR - POLOG 3372EUR,BMW,2009,337013 km,diesel motor,avtomatski menjalnik,"2993 ccm,","210 kW / 286 KM
",13490
BMW serija X6: 3.5d Avt. ODPRTI SMO- OBROK 323EUR - POLOG 4622EUR,BMW,2008,288129 km,diesel motor,avtomatski menjalnik,"2993 ccm,","210 kW / 286 KM
",18490
BMW serija X6: M50d Avt. -  MAX OPREMA,BMW,2015,162000 km,diesel motor,avtomatski menjalnik,"2993 ccm,","280 kW / 381 KM
",49990
Chevrolet Captiva 2.2D LT Plus Avt°1.Lastnik°7-sedeni°,Chevrolet,2012,101000 km,diesel motor,avtomatski menjalnik,"2231 ccm,","135 kW / 184 KM
",8990
Chevrolet Corvette 6.2 LS3,Chevrolet,2010,60000 km,bencinski motor,avtomatski menjalnik,"6162 ccm,","321 kW / 436 KM
",33500
Chevrolet Cruze 1.6 16V-86000 KM-1. LASTNIK-TEMPOMAT-PARK SENZORJI,Chevrolet,2009,86000 km,bencinski motor,ročni menjalnik,"1598 ccm,","83 kW / 113 KM
",4190
Chevrolet Cruze 2.0 VCDi LS+,Chevrolet,2011,179000 km,diesel motor,ročni menjalnik,"1991 ccm,","120 kW / 163 KM
",3100
Chevrolet Spark 1.0 16V LS,Chevrolet,2011,118000 km,bencinski motor,ročni menjalnik,"995 ccm,","50 kW / 68 KM
",3590
Citroen Berlingo BlueHDi 120 S S Shine,Citroen,2017,33000 km,diesel motor,ročni menjalnik,"1560 ccm,","88 kW / 120 KM
",13100
Citroen Berlingo BlueHDi 120 S S Shine,Citroen,2016,78801 km,diesel motor,ročni menjalnik,"1560 ccm,","88 kW / 120 KM
",13000
Citroen Berlingo Multispace 1.6 HDI FAP,Citroen,2010,205000 km,diesel motor,ročni menjalnik,"1560 ccm,","68 kW / 92 KM
",3999
Citroen Berlingo Multispace 1.6 HDI FAP,Citroen,2012,187000 km,diesel motor,ročni menjalnik,"1560 ccm,","68 kW / 92 KM
",6490
Citroen Berlingo Multispace Pack 1.6 HDI FAP,Citroen,2012,126000 km,diesel motor,ročni menjalnik,"1560 ccm,","68 kW / 92 KM
",7950
Citroen Berlingo XTR 1.6 HDi KLIMA-SLO-ODLIÈEN-BREZ POLOGA,Citroen,2009,220000 km,diesel motor,ročni menjalnik,"1560 ccm,","80 kW / 109 KM
",3990
Citroen C3 1.4 Tendance SLOVENSKI,Citroen,2010,112653 km,bencinski motor,ročni menjalnik,"1360 ccm,","54 kW / 73 KM
",4790
Citroen C3 1.4 VTi Exclusive 1.LASTNICA SLOVENSKI,Citroen,2011,137395 km,bencinski motor,ročni menjalnik,"1397 ccm,","70 kW / 95 KM
",4790
Citroen C3 1.4i-OD PRVE LASTNICE-SAMO 130.000KM-SLOVENSKI-..,Citroen,2007,130000 km,bencinski motor,ročni menjalnik,"1360 ccm,","65 kW / 88 KM
",1690
Citroen C3 1.6 e-HDi Tendance BMP FAP,Citroen,2012,220000 km,diesel motor,ročni menjalnik,"1560 ccm,","68 kW / 92 KM
",4290
Citroen C3 Picasso ,Citroen,2006,160000 km,diesel motor,ročni menjalnik,velikost motorja ni znana,"67 kW / 91 KM
",2000
Citroen C3 Picasso HDi 110 FAP Tendance,Citroen,2012,174000 km,diesel motor,ročni menjalnik,"1560 ccm,","82 kW / 111 KM
",6000
Citroen C4 1.4i 16V-91000 KM-1.LASTNIK-TEMPOMAT-NOVE GUME-,Citroen,2010,91000 km,bencinski motor,ročni menjalnik,"1360 ccm,","65 kW / 88 KM
",3490
Citroen C4 1.6 BlueHDi 100 NAVIGACIJA-ALU-PDC-HITRI KREDIT,Citroen,2015,153553 km,diesel motor,ročni menjalnik,"1560 ccm,","73 kW / 99 KM
",6399
Citroen C4 1.6i-16V- VTSPack AVT.KLIMA-ALU-PDC-TOP,Citroen,2007,303000 km,bencinski motor,ročni menjalnik,"1997 ccm,","98 kW / 133 KM
",1600
Citroen C4 2.0 HDi 16V VTR Pack by LOEB,Citroen,2007,244600 km,diesel motor,ročni menjalnik,"1997 ccm,","100 kW / 136 KM
",2600
Citroen C4 Aircross 4WD 1.6 HDI - 4x4 - SERVISNA - KNJ-ODLIÈEN,Citroen,2012,185000 km,diesel motor,ročni menjalnik,"1560 ccm,","84 kW / 114 KM
",10900
Citroen C4 Cactus 1.2 PureTech 130 S S Shine,Citroen,2018,34700 km,bencinski motor,ročni menjalnik,"1199 ccm,","96 kW / 131 KM
",13850
Citroen C4 Cactus 1.2 VTi OBROK 170EUR - POLOG 2400EUR,Citroen,2014,81355 km,bencinski motor,ročni menjalnik,"1199 ccm,","60 kW / 82 KM
",9490
Citroen C4 Grand Picasso 2.0 HDi Exclusive FAP Avt.,Citroen,2008,160100 km,diesel motor,avtomatski menjalnik,"1997 ccm,","100 kW / 136 KM
",3200
Citroen C4 Grand Picasso BlueHDi 120 S S Shine Avt.+KAM+NAVI+TEL+MRTVI KOT,Citroen,2017,132800 km,diesel motor,avtomatski menjalnik,"1560 ccm,","88 kW / 120 KM
",13290
Citroen C4 Grand Picasso BlueHDi 120 S S Shine+LED+2XPDC+NAVI+TEL,Citroen,2017,147800 km,diesel motor,ročni menjalnik,"1560 ccm,","88 kW / 120 KM
",12490
Citroen C4 Grand Picasso BlueHDi 120 S S Shine+MRTVI KOT+KAMERA+LED+7 SED+,Citroen,2017,126880 km,diesel motor,ročni menjalnik,"1560 ccm,","88 kW / 120 KM
",12990
Citroen C4 Picasso 1.6 BlueHDi 2 LASTNIK-NAVIGACIJA-ALU-PDC,Citroen,2014,182443 km,diesel motor,ročni menjalnik,"1560 ccm,","88 kW / 120 KM
",6399
Citroen C4 Picasso 1.6 HDi Confort FAP,Citroen,2008,207000 km,diesel motor,ročni menjalnik,"1560 ccm,","80 kW / 109 KM
",1850
Citroen C4 Picasso 1.6 HDi Dynamique FAP BVMP,Citroen,2008,281000 km,diesel motor,avtomatski menjalnik,"1560 ccm,","80 kW / 109 KM
",2500
Citroen C5 2.0 HDi-OD PRVEGA LASTNIKA-SLOVENSKI-FINANCIRANJE-,Citroen,2008,250000 km,diesel motor,avtomatski menjalnik,"1997 ccm,","100 kW / 136 KM
",2990
Citroen C5 Tourer 1.6 HDi-LED-NAVIGACIJA-PDC-12 MES.GARANCIJA,Citroen,2013,19700 km,diesel motor,ročni menjalnik,"1560 ccm,","84 kW / 114 KM
",4990
Citroen C5 Tourer 2.0 HDi FAP Exclusive Led Xenon SLO Vozilo,Citroen,2012,200000 km,diesel motor,ročni menjalnik,"1997 ccm,","103 kW / 140 KM
",4690
Citroen DS5 2.0 BlueHDI.133kW.AVTOMATIK.NAVI.KAMERA.PANORAMA,Citroen,2015,128000 km,diesel motor,avtomatski menjalnik,"1997 ccm,","133 kW / 181 KM
",12950
Citroen Nemo 1.4 HDi SX 1.LASTNIK SLOVENSKI,Citroen,2009,187861 km,diesel motor,ročni menjalnik,"1398 ccm,","50 kW / 68 KM
",2690
Citroen Xsara 1.4i,Citroen,2000,135357 km,bencinski motor,ročni menjalnik,"1360 ccm,","55 kW / 75 KM
",300
Citroen Xsara Picasso 1.6-SERVIS.KNJIGA-SLOVENSKI-SAMO 100.000KM-ODLIÈEN,Citroen,2005,100000 km,bencinski motor,ročni menjalnik,"1587 ccm,","70 kW / 95 KM
",1990
Citroen Xsara Picasso 1.6i 16V Elegance,Citroen,2007,207000 km,bencinski motor,ročni menjalnik,"1587 ccm,","80 kW / 109 KM
",2000
Citroen Xsara Picasso 1.6i 16V Elegance Plus,Citroen,2008,215000 km,bencinski motor,ročni menjalnik,"1587 ccm,","80 kW / 109 KM
",1500
Citroen Xsara Picasso 1.6i 16V Elegance Plus-95000KM-1.LASTNIK-AVT.KLIMA,Citroen,2008,95000 km,bencinski motor,ročni menjalnik,"1587 ccm,","80 kW / 109 KM
",2490
Citroen Xsara Picasso 1.6i SX,Citroen,2005,240000 km,bencinski motor,ročni menjalnik,"1587 ccm,","70 kW / 95 KM
",700
Citroen Xsara Picasso 2.0 HDi Exclusive,Citroen,2006,303000 km,diesel motor,ročni menjalnik,"1997 ccm,","66 kW / 90 KM
",1100
Dacia Duster .4x4 NOVI MODEL - BOGATA OPREMA.. -,Dacia,2019,9900 km,bencinski motor,ročni menjalnik,"1598 ccm,","84 kW / 114 KM
",15990
Dacia Duster 1.5 dCi Laureate,Dacia,2010,141000 km,diesel motor,ročni menjalnik,"1461 ccm,","81 kW / 110 KM
",5999
Dacia Sandero Stepway 1.5 Blue dCi 90 Prestige- SLO 1 LASTNIK,Dacia,2019,4460 km,diesel motor,ročni menjalnik,"1461 ccm,","70 kW / 95 KM
",10990
Daihatsu Feroza ,Daihatsu,1995,159 km,bencinski motor,ročni menjalnik,velikost motorja ni znana,"70 kW / 95 KM
",1500
Daihatsu Terios 1.3 DVVT CX,Daihatsu,2002,102000 km,bencinski motor,ročni menjalnik,"1298 ccm,","63 kW / 86 KM
",1250
Fiat 500 elektrièni,Fiat,2015,48000 km,elektro pogon,avtomatski menjalnik,velikost motorja ni znana,"84 kW
",14200
Fiat 500X 1.0 GSE T3 City Look,Fiat,2019,13220 km,bencinski motor,ročni menjalnik,"999 ccm,","88 kW / 120 KM
",9500
Fiat 500X 1.0 GSE T3 Urban,Fiat,2019,14711 km,bencinski motor,ročni menjalnik,"999 ccm,","88 kW / 120 KM
",33900
Fiat Bravo 1.4 16V Dynamic 1.LASTNIK SLOVENSKI,Fiat,2011,126108 km,bencinski motor,ročni menjalnik,"1368 ccm,","66 kW / 90 KM
",4490
Fiat Bravo 1.6 JTD,Fiat,2008,275000 km,diesel motor,ročni menjalnik,"1598 ccm,","66 kW / 90 KM
",2000
Fiat Croma 1.9 JTD Multijet Liberty,Fiat,2009,336400 km,diesel motor,ročni menjalnik,"1910 ccm,","110 kW / 150 KM
",2290
Fiat Doblo 2.0 Multijet MAXI. 1.LASTNIK. SLO,Fiat,2015,80000 km,diesel motor,ročni menjalnik,"1956 ccm,","99 kW / 135 KM
",9990
Fiat Punto 1.2 SX,Fiat,2001,218000 km,bencinski motor,ročni menjalnik,"1242 ccm,","44 kW / 60 KM
",550
Fiat Punto Grande  Sport 1.4 16V -Jet TURBO,Fiat,2008,115885 km,bencinski motor,ročni menjalnik,"1368 ccm,","88 kW / 120 KM
",3750
Fiat Stilo 1.9 JTD 100,Fiat,2005,320000 km,diesel motor,ročni menjalnik,"1910 ccm,","74 kW / 101 KM
",300
Fiat X 1/9 ,Fiat,1977,98000 km,bencinski motor,ročni menjalnik,velikost motorja ni znana,"75 kW / 102 KM
",6500
Ford B-Max B-MAX 1.0 EcoBoost Trend,Ford,2016,55273 km,bencinski motor,ročni menjalnik,"998 ccm,","74 kW / 101 KM
",9270
Ford C-Max 1.6 TDCi-SERVISNA-KNJ-NAVIGACIJA-MONOST TRAJNIKA,Ford,2012,238000 km,diesel motor,ročni menjalnik,"1560 ccm,","85 kW / 116 KM
",5650
Ford C-Max 1.6-SAMO 60.000KM-OD 1-LASTNIKA-SLOVENSKI-..,Ford,2008,60000 km,bencinski motor,ročni menjalnik,"1596 ccm,","85 kW / 116 KM
",4490
Ford C-Max 1.6i°SLO°1.LAST°NA OBROKE - BREZ POLOGA° 94750KM,Ford,2012,94756 km,bencinski motor,ročni menjalnik,"1596 ccm,","77 kW / 105 KM
",7499
Ford C-Max 1.6°TDCI°TITANIUM°SLO°136000KM° BREZ POLOGA°,Ford,2013,136000 km,diesel motor,ročni menjalnik,"1560 ccm,","85 kW / 116 KM
",7899
Ford Ecosport 1.5 Tdci,Ford,2015,148000 km,diesel motor,ročni menjalnik,"1499 ccm,","66 kW / 90 KM
",9690
Ford Fiesta Family 1.3i,Ford,1999,53500 km,bencinski motor,ročni menjalnik,"1299 ccm,","44 kW / 60 KM
",75
Ford Focus 1.6 TDCi Trend +,Ford,2005,200000 km,diesel motor,ročni menjalnik,"1560 ccm,","80 kW / 109 KM
",1500
Ford Focus 2.0 TDCi TitaniumX XENON+LED+KAMERA+NAVI+KEYLESS++,Ford,2017,90000 km,diesel motor,ročni menjalnik,"1997 ccm,","110 kW / 150 KM
",11990
Ford Focus Karavan 1.5 TDCi Business +NAVIGACIJA +5 LET JAMS.,Ford,2016,135906 km,diesel motor,ročni menjalnik,"1499 ccm,","70 kW / 95 KM
",7990
Ford Focus Karavan 1.5 TDCi Business Powershift-1.LASTNIK,Ford,2015,84405 km,diesel motor,ročni menjalnik,"1499 ccm,","88 kW / 120 KM
",9290
Ford Focus Karavan 1.5 TDCi Sport 1.lastnik,Ford,2016,156697 km,diesel motor,ročni menjalnik,"1499 ccm,","88 kW / 120 KM
",8290
Ford Focus Karavan 1.6 TDCi TEMPOMAT-HITRI KREDIT,Ford,2013,183999 km,diesel motor,ročni menjalnik,"1560 ccm,","85 kW / 116 KM
",4690
Ford Focus Karavan 1.8 TDCi Sport,Ford,2008,200000 km,diesel motor,ročni menjalnik,"1753 ccm,","85 kW / 116 KM
",3200
Ford Focus Karavan 2.0 TDCi Sport,Ford,2017,127110 km,diesel motor,avtomatski menjalnik,"1997 ccm,","110 kW / 150 KM
",9999
Ford Kuga 2.0 TDCi Trend DPF - SLOVENSKO VOZILO,Ford,2011,99800 km,diesel motor,ročni menjalnik,"1997 ccm,","103 kW / 140 KM
",40956
Ford Kuga 4x2 1.5 TDCi Trend.SLO.+3 LETA JAMSTVA..1.LASTNIK.,Ford,2018,118000 km,diesel motor,ročni menjalnik,"1499 ccm,","88 kW / 120 KM
",14999
Ford Kuga 4x4 2.0 TDCi Vignale Powershift,Ford,2018,14273 km,diesel motor,avtomatski menjalnik,"1997 ccm,","132 kW / 179 KM
",22980
Ford Mondeo 1.5 TDCi Econetic Trend,Ford,2016,112000 km,diesel motor,ročni menjalnik,"1499 ccm,","88 kW / 120 KM
",12800
Ford Mondeo 2.0 TDCi Ambiente,Ford,2004,270000 km,diesel motor,ročni menjalnik,"1998 ccm,","96 kW / 131 KM
",450
Ford Mustang GT V8 - REZERVIRANO,Ford,2005,130000 km,bencinski motor,ročni menjalnik,"4600 ccm,","227 kW / 309 KM
",19990
Ford S-Max 2.0 Trend,Ford,2008,225000 km,bencinski motor,ročni menjalnik,"1999 ccm,","107 kW / 145 KM
",3350
Ford Tourneo Custom 2.2 TDCI-L2H1-9 sedeev-2x drsna vrata-2x klima,Ford,2014,360000 km,diesel motor,ročni menjalnik,"2198 ccm,","114 kW / 155 KM
",8723
Ford Transit Custom L2H1 2.0TDCi 125kW 170KM,Ford,2018,57000 km,diesel motor,ročni menjalnik,"1996 ccm,","125 kW / 170 KM
",26600
Honda CR-V 2.2i Executive CTDI Navi.,Honda,2006,385000 km,diesel motor,ročni menjalnik,"2204 ccm,","103 kW / 140 KM
",3850
Honda CR-Z 1.5 HYBRID,Honda,2011,110647 km,bencinski motor,ročni menjalnik,"1497 ccm,","84 kW / 114 KM
",6999
Honda CRX 1.6-16V iVT,Honda,1994,186762 km,bencinski motor,ročni menjalnik,"1595 ccm,","110 kW / 150 KM
",6300
Honda Prelude 2.0i,Honda,1997,271000 km,bencinski motor,ročni menjalnik,"1997 ccm,","98 kW / 133 KM
",875
Hyundai Getz 1.1 Klima,Hyundai,2008,60000 km,bencinski motor,ročni menjalnik,"1086 ccm,","49 kW / 67 KM
",1750
Hyundai Tucson TUCSON 2.0 CRDi LP 4WD,Hyundai,2009,160600 km,diesel motor,ročni menjalnik,"1991 ccm,","100 kW / 136 KM
",5700
Hyundai Veloster 1.6 GDI ELITE VSA OPREMA,Hyundai,2011,95443 km,bencinski motor,avtomatski menjalnik,"1591 ccm,","103 kW / 140 KM
",9490
Hyundai i10 1.25 Life SLO 13.900KM KREDIT,Hyundai,2015,13900 km,bencinski motor,ročni menjalnik,"1248 ccm,","64 kW / 87 KM
",6949
Hyundai i20 1.25 Comfort,Hyundai,2019,29211 km,bencinski motor,ročni menjalnik,"1248 ccm,","62 kW / 84 KM
",9990
Hyundai i30 1.6 CRDi HP GLS Style +NAKUP BREZ POLOGA+TOP,Hyundai,2007,227414 km,diesel motor,ročni menjalnik,"1582 ccm,","85 kW / 116 KM
",2699
Hyundai i40 1.7 CRDi Style NOVI MODEL-LED-2xPDC-TEMPOMAT-BLUET,Hyundai,2016,144500 km,diesel motor,ročni menjalnik,"1685 ccm,","85 kW / 116 KM
",10900
Jeep Grand Cherokee 3.0 CRD Summit Avt.,Jeep,2017,113239 km,diesel motor,avtomatski menjalnik,"2987 ccm,","184 kW / 250 KM
",20990
Jeep Grand Cherokee 3.1 Limited TD Avt.,Jeep,1999,195000 km,diesel motor,ročni menjalnik,"2685 ccm,","120 kW / 163 KM
",6300
Kia CeeD 1.4,Kia,2009,62000 km,bencinski motor,ročni menjalnik,"1396 ccm,","80 kW / 109 KM
",4690
Kia CeeD 1.4 CVVT LX City + NAKUP BREZ POLOGA + TOP OPREMA,Kia,2008,164741 km,bencinski motor,ročni menjalnik,"1396 ccm,","80 kW / 109 KM
",2699
Kia CeeD SW 1.0 T-GDI LX EDITION SLO FINANCIRANJE,Kia,2018,1800 km,bencinski motor,ročni menjalnik,"998 ccm,","88 kW / 120 KM
",13799
Kia CeeD SW 1.6 CRDI EX GT-line NAVI SLO 73.000KM ,Kia,2016,73000 km,diesel motor,ročni menjalnik,"1582 ccm,","100 kW / 136 KM
",12499
Kia Rio 1.2 EX Style Plus Sport + TOP OPREMA + 1 LASTNICA ,Kia,2012,144214 km,bencinski motor,ročni menjalnik,"1248 ccm,","62 kW / 84 KM
",3899
Kia Sportage 2WD 2.0 Urban SLO FINANCIRANJE ,Kia,2010,108000 km,bencinski motor,ročni menjalnik,"1998 ccm,","120 kW / 163 KM
",8249
Kia Sportage AWD 2.0 CRDi 4x4-1.LASTNIK-SLO.POREKLO-KOT NOVA,Kia,2015,148310 km,diesel motor,ročni menjalnik,"1995 ccm,","100 kW / 136 KM
",11290
Lancia Musa 1.4 16V-SLO VOZILO-VL.KLJUKA-TEMPOMAT-SERV.K,Lancia,2008,155000 km,bencinski motor,ročni menjalnik,"1368 ccm,","70 kW / 95 KM
",2850
Land Rover Defender 110,Land,1996,182500 km,diesel motor,ročni menjalnik,velikost motorja ni znana,"83 kW / 113 KM
",11900
Land Rover Defender 90 SW 2.5 Td5 - KRATKI MODEL -,Land,2006,90000 km,diesel motor,ročni menjalnik,"2495 ccm,","90 kW / 122 KM
",23990
Land Rover Discovery V8,Land,1993,198000 km,bencinski motor,ročni menjalnik,"3490 ccm,","113 kW / 154 KM
",17900
Land Rover Range Rover Sport 2.7 TdV6 HSE Avt. LUXURY,Land,2007,210000 km,diesel motor,avtomatski menjalnik,"2720 ccm,","140 kW / 190 KM
",9900
Lexus LC F-Sport Mark Levinson,Lexus,2018,4073 km,hibridni pogon,avtomatski menjalnik,"3456 ccm,","264 kW / 359 KM
",89990
Mazda CX-3 120. 1.LASTNIK. SLO. NAVIGACIJA,Mazda,2016,55000 km,bencinski motor,ročni menjalnik,"1998 ccm,","88 kW / 120 KM
",13490
Mazda CX-3 G120 Attraction Plus,Mazda,2016,64000 km,bencinski motor,ročni menjalnik,"1998 ccm,","88 kW / 120 KM
",14200
Mazda CX-3 G121 Attraction - 1.lastnik - SLO - ,Mazda,2019,9000 km,bencinski motor,ročni menjalnik,"1998 ccm,","89 kW / 121 KM
",20390
Mazda CX-3 G150 AWD Revolution Top èrno usnje. 1.LASTNIK. SLO,Mazda,2016,83000 km,bencinski motor,ročni menjalnik,"1998 ccm,","110 kW / 150 KM
",14990
Mazda CX-5 CD150  AWD Revolution Avt.,Mazda,2014,139814 km,diesel motor,avtomatski menjalnik,"2191 ccm,","110 kW / 150 KM
",13650
Mazda CX-5 CD175 AWD Revolution Top èrno usnje Avt.VSA OPREMA,Mazda,2016,160000 km,diesel motor,avtomatski menjalnik,"2191 ccm,","129 kW / 175 KM
",16999
Mazda CX-7 CD173 Revolution Luxury,Mazda,2011,223000 km,diesel motor,ročni menjalnik,"2184 ccm,","127 kW / 173 KM
",7300
Mazda Mazda5 CR19R6,Mazda,2007,217000 km,diesel motor,ročni menjalnik,velikost motorja ni znana,"105 kW / 143 KM
",1500
Mazda Mazda6 Karavan CD175 KIZOKU Revolution FULLLL,Mazda,2018,104000 km,diesel motor,avtomatski menjalnik,"2191 ccm,","129 kW / 175 KM
",18900
Mazda Mazda6 Karavan CD175 Revolution AUT..LED.NAVI.HEADUP.PDC,Mazda,2015,118000 km,diesel motor,avtomatski menjalnik,"2191 ccm,","129 kW / 175 KM
",14299
Mazda Mazda6 Wagon CD175 Revolution Avt..BIXENON.NAVI.USNJE....,Mazda,2013,137000 km,diesel motor,avtomatski menjalnik,"2191 ccm,","129 kW / 175 KM
",11499
Mazda Mazda6 Wagon CD175 Revolution Avt.BIXENON.NAVI.USNJE.....,Mazda,2013,156000 km,diesel motor,avtomatski menjalnik,"2191 ccm,","129 kW / 175 KM
",11499
Mazda Mazda6 Wagon CD175 Revolution-Xenon-Kamera-SSB,Mazda,2014,166002 km,diesel motor,ročni menjalnik,"2191 ccm,","129 kW / 175 KM
",10490
Mercedes-Benz A-Razred A 180 d Progressive Avt.,Mercedes-Benz,2019,22500 km,diesel motor,avtomatski menjalnik,"1461 ccm,","85 kW / 116 KM
",30900
Mercedes-Benz A-Razred clasik,Mercedes-Benz,2005,283000 km,diesel motor,ročni menjalnik,"1991 ccm,","60 kW / 82 KM
",1950
Mercedes-Benz B-Razred 180 CDI-ZIMSKE GUME-LEPO OHRANJEN,Mercedes-Benz,2007,219770 km,diesel motor,ročni menjalnik,"1991 ccm,","80 kW / 109 KM
",4190
Mercedes-Benz B-Razred B 180 CDI BlueEFFICIENCY,Mercedes-Benz,2012,123500 km,diesel motor,ročni menjalnik,"1796 ccm,","80 kW / 109 KM
",10300
Mercedes-Benz B-Razred B 200 CDI,Mercedes-Benz,2008,233802 km,diesel motor,ročni menjalnik,"1991 ccm,","103 kW / 140 KM
",3950
Mercedes-Benz C-Razred 350 hybrid,Mercedes-Benz,2015,188000 km,bencinski motor,avtomatski menjalnik,"1995 ccm,","210 kW / 286 KM
",23900
Mercedes-Benz C-Razred C 200 d Avantgarde,Mercedes-Benz,2019,18300 km,diesel motor,ročni menjalnik,"1597 ccm,","118 kW / 160 KM
",25500
Mercedes-Benz C-Razred C 220 CDI Avantgarde,Mercedes-Benz,2008,229360 km,diesel motor,ročni menjalnik,"1968 ccm,","103 kW / 140 KM
",4900
Mercedes-Benz C-Razred C 220 CDI Coupé Evolution Aut.,Mercedes-Benz,2005,325000 km,diesel motor,avtomatski menjalnik,"2148 ccm,","110 kW / 150 KM
",3090
Mercedes-Benz C-Razred C 220 D-FUL LED-NAVI-PARK-ALU-17ALU-EL.ZLOZ.O-1LAS,Mercedes-Benz,2015,170000 km,diesel motor,ročni menjalnik,"2143 ccm,","125 kW / 170 KM
",13990
Mercedes-Benz C-Razred C 220 d Avantgarde Avt MULTIBEAM DISTRO+TOP OPREMA,Mercedes-Benz,2018,34213 km,diesel motor,avtomatski menjalnik,"1950 ccm,","143 kW / 194 KM
",35555
Mercedes-Benz CL-Razred MONOST MENJAVE - CL 500 Avt. Disstroni,Mercedes-Benz,2008,197000 km,bencinski motor,avtomatski menjalnik,"5461 ccm,","285 kW / 387 KM
",19900
Mercedes-Benz CLA-Razred CLA 180 AMG Line,Mercedes-Benz,2018,85000 km,bencinski motor,ročni menjalnik,"1595 ccm,","90 kW / 122 KM
",25499
Mercedes-Benz CLA-Razred CLA 180 Urban°XENON-LED°NAVI°ALU 18°,Mercedes-Benz,2015,79181 km,bencinski motor,ročni menjalnik,"1595 ccm,","90 kW / 122 KM
",18990
Mercedes-Benz CLC-Razred CLC 200 CDI - 1. LASTNIK - 1 LETNO JAMSTVO,Mercedes-Benz,2011,179000 km,diesel motor,ročni menjalnik,"2148 ccm,","90 kW / 122 KM
",7390
Mercedes-Benz CLK-Razred CLK 200 Kompressor Coupé Elegance,Mercedes-Benz,2004,91000 km,bencinski motor,ročni menjalnik,"1796 ccm,","120 kW / 163 KM
",4000
Mercedes-Benz CLK-Razred CLK 240 Coupé Avantgarde,Mercedes-Benz,2002,215628 km,bencinski motor,ročni menjalnik,"2597 ccm,","125 kW / 170 KM
",3190
Mercedes-Benz CLS-Razred 320 CDI-AMG MASKA-4XAVT.AC-USNJE-SIBE-EL.SEDE-PARK,Mercedes-Benz,2006,284000 km,diesel motor,avtomatski menjalnik,"2987 ccm,","165 kW / 224 KM
",6690
Mercedes-Benz CLS-Razred CLS 250 CDI-FULL LED-PANORAMA-NAVI.-VRHUNSKI,Mercedes-Benz,2012,206000 km,diesel motor,avtomatski menjalnik,"2143 ccm,","150 kW / 204 KM
",20950
Mercedes-Benz E-Razred 220d COUPE FULL LED NAVI DELNO USNJE BURMESTER TOP,Mercedes-Benz,2018,194000 km,bencinski motor,avtomatski menjalnik,"5461 ccm,","285 kW / 387 KM
",17990
Mercedes-Benz E-Razred 300 CE,Mercedes-Benz,1989,227517 km,bencinski motor,avtomatski menjalnik,"2932 ccm,","132 kW / 179 KM
",14000
Mercedes-Benz E-Razred E 220 d T Exclusive Avt.,Mercedes-Benz,2017,128300 km,diesel motor,avtomatski menjalnik,"1950 ccm,","143 kW / 194 KM
",24990
Mercedes-Benz E-Razred E 240 Avantgarde+PLIN,Mercedes-Benz,2002,314000 km,bencinski motor,ročni menjalnik,"2597 ccm,","130 kW / 177 KM
",1690
Mercedes-Benz E-Razred E 270 CDI Avantgarde,Mercedes-Benz,2002,380000 km,diesel motor,ročni menjalnik,"2685 ccm,","130 kW / 177 KM
",2490
Mercedes-Benz E-Razred E BlueEFFICIENCY 220 CDI,Mercedes-Benz,2012,287000 km,diesel motor,ročni menjalnik,"2143 ccm,","125 kW / 170 KM
",9450
Mercedes-Benz E-Razred E BlueEFFICIENCY 350 CDI Avantgarde Avt.,Mercedes-Benz,2009,212000 km,diesel motor,avtomatski menjalnik,"2987 ccm,","170 kW / 231 KM
",14800
Mercedes-Benz E-Razred E Coupé 220 CDI,Mercedes-Benz,2014,150000 km,diesel motor,avtomatski menjalnik,"2143 ccm,","125 kW / 170 KM
",19500
Mercedes-Benz E-Razred E Coupé 220 CDI,Mercedes-Benz,2014,141000 km,diesel motor,avtomatski menjalnik,"2143 ccm,","125 kW / 170 KM
",23490
Mercedes-Benz E-Razred W-124 2.0 diesel oldtaimer,Mercedes-Benz,1990,418000 km,diesel motor,ročni menjalnik,"2000 ccm,","55 kW / 75 KM
",2500
Mercedes-Benz E-Razred W-124 COUPE OLDTAIMER,Mercedes-Benz,1987,186500 km,bencinski motor,avtomatski menjalnik,"2300 ccm,","97 kW / 132 KM
",2500
Mercedes-Benz GLE-Razred GLE 350 d 4MATIC Avt.,Mercedes-Benz,2018,29163 km,diesel motor,avtomatski menjalnik,"2987 ccm,","190 kW / 258 KM
",24800
Mercedes-Benz GLK-Razred 220 CDI-4MATIC-AVT-1.LASTNIK-SLO-XENON-GR.SEDEEV-,Mercedes-Benz,2009,252000 km,diesel motor,avtomatski menjalnik,"2143 ccm,","125 kW / 170 KM
",12800
Mercedes-Benz ML-Razred ML 320 CDI Avt.,Mercedes-Benz,2008,205555 km,diesel motor,avtomatski menjalnik,"2987 ccm,","165 kW / 224 KM
",19800
Mercedes-Benz S-Razred 280 SE W126 + NAKUP BREZ POLOGA,Mercedes-Benz,1980,172365 km,bencinski motor,avtomatski menjalnik,"2798 ccm,","136 kW / 185 KM
",8980
Mercedes-Benz S-Razred S 350 AVT.-AMG ALU-NAVI-PARK-XENON-SIBE-EL.SED-DVD,Mercedes-Benz,2006,249000 km,bencinski motor,avtomatski menjalnik,"3498 ccm,","200 kW / 272 KM
",7890
Mercedes-Benz S-Razred S 350 d Avt. AMG,Mercedes-Benz,2017,34500 km,diesel motor,avtomatski menjalnik,"2987 ccm,","190 kW / 258 KM
",62490
Mercedes-Benz V-Razred V 220 d Avantgarde ekstradolgi Avt. Facelift,Mercedes-Benz,2019,41205 km,diesel motor,avtomatski menjalnik,"1950 ccm,","120 kW / 163 KM
",11990
Mini Countryman Mini Cooper SD ALL4,Mini,2012,69862 km,diesel motor,ročni menjalnik,"1995 ccm,","105 kW / 143 KM
",13900
Mini Coupe Cooper,Mini,2002,188417 km,bencinski motor,ročni menjalnik,"1598 ccm,","85 kW / 116 KM
",2100
Mini Coupe ONE,Mini,2003,243220 km,bencinski motor,ročni menjalnik,"1598 ccm,","66 kW / 90 KM
",2990
Mitsubishi 3000 GT ,Mitsubishi,1995,165000 km,bencinski motor,ročni menjalnik,"2972 ccm,","165 kW / 224 KM
",9900
Mitsubishi Eclipse ,Mitsubishi,1991,150000 km,bencinski motor,ročni menjalnik,velikost motorja ni znana,"110 kW / 150 KM
",3500
Mitsubishi Pajero MT 2.5 TD,Mitsubishi,1990,323000 km,diesel motor,ročni menjalnik,"2477 ccm,","67 kW / 91 KM
",2000
Mitsubishi Pajero Pinin 1.8 Base,Mitsubishi,2002,172000 km,bencinski motor,ročni menjalnik,"1834 ccm,","84 kW / 114 KM
",3900
Mitsubishi Space Star RUNNER 2.4-KLIMA-EL.PAKET-ODLIÈENi,Mitsubishi,2001,230000 km,bencinski motor,ročni menjalnik,"2400 ccm,","110 kW / 150 KM
",650
Nissan Juke 1.2 DIG-T N-TEC - 1.LASTNIK,Nissan,2017,52200 km,bencinski motor,ročni menjalnik,"1197 ccm,","85 kW / 116 KM
",11950
Nissan Micra 1.2 Acenta,Nissan,2017,141600 km,bencinski motor,ročni menjalnik,"1198 ccm,","59 kW / 80 KM
",4790
Nissan Micra 1.2-110000KM-2.LASTNICA-KLIMA-5 VRAT-,Nissan,2006,110000 km,bencinski motor,ročni menjalnik,"1240 ccm,","59 kW / 80 KM
",1790
Nissan Micra 1.2-SAMO 91000KM-2.LASTNICA-REDNO SERVISIRAN-,Nissan,2005,91000 km,bencinski motor,ročni menjalnik,"1240 ccm,","59 kW / 80 KM
",1650
Nissan Note 1.5 dCi N - TEC - NA OBROKE -,Nissan,2016,94000 km,diesel motor,ročni menjalnik,"1461 ccm,","66 kW / 90 KM
",7990
Nissan Qashqai +2 4WD 1.6 dCi Tekna PANORAMA XENON 7.SEDEEV,Nissan,2013,126299 km,diesel motor,ročni menjalnik,"1598 ccm,","96 kW / 131 KM
",10600
Nissan Qashqai 1.5 dCi Acenta,Nissan,2013,162000 km,diesel motor,ročni menjalnik,"1461 ccm,","81 kW / 110 KM
",8790
Opel Astra ,Opel,2007,219500 km,diesel motor,ročni menjalnik,velikost motorja ni znana,"88 kW / 120 KM
",3300
Opel Astra 1.4 Turbo°SLO°1.LAST°NA OBROKE - BREZ POLOGA°93000KM,Opel,2010,92695 km,bencinski motor,ročni menjalnik,"1364 ccm,","103 kW / 140 KM
",6299
Opel Astra 1.6 16V Club,Opel,1999,324000 km,bencinski motor,ročni menjalnik,"1598 ccm,","74 kW / 101 KM
",444
Opel Astra 1.6 16V GTC-Black White Edition,Opel,2011,118700 km,bencinski motor,ročni menjalnik,"1598 ccm,","85 kW / 116 KM
",3990
Opel Astra 1.9 CDTI Cosmo-XSENON-VLEÈNA KLJUKA-BREZ POLOGA,Opel,2006,259000 km,diesel motor,ročni menjalnik,"1910 ccm,","110 kW / 150 KM
",1890
Opel Astra 1.9 CDTI Sport,Opel,2007,270000 km,diesel motor,ročni menjalnik,"1910 ccm,","88 kW / 120 KM
",1800
Opel Astra Karavan 1.7 CDTI Cosmo,Opel,2009,242000 km,diesel motor,ročni menjalnik,"1686 ccm,","74 kW / 101 KM
",2200
Opel Calibra 2.0i 16V,Opel,1996,173000 km,diesel motor,ročni menjalnik,"1461 ccm,","70 kW / 95 KM
",6290
Opel Corsa 1.3 CDTI-KLIMA-ALU 15-CD-ODLIÈNA-MENJAVA,Opel,2008,210000 km,diesel motor,ročni menjalnik,"1248 ccm,","55 kW / 75 KM
",1950
Opel Corsa Colour Edition 1.4 16V,Opel,2010,155000 km,bencinski motor,ročni menjalnik,"1364 ccm,","66 kW / 90 KM
",3300
Opel Corsa Corsa 1.2,Opel,2009,150000 km,bencinski motor,ročni menjalnik,"1229 ccm,","59 kW / 80 KM
",2800
Opel Corsa KZ11-1AACD7A98DA5,Opel,2013,270000 km,LPG avtoplin,ročni menjalnik,velikost motorja ni znana,"63 kW / 86 KM
",5100
Opel Insignia SportsTourer 2.0 CDTI Active Start Stop Aut.,Opel,2016,71000 km,diesel motor,avtomatski menjalnik,"1956 ccm,","125 kW / 170 KM
",12900
Opel Meriva 1.6 16V Enjoy 1. Lastnica,Opel,2004,159500 km,bencinski motor,ročni menjalnik,"1598 ccm,","74 kW / 101 KM
",1650
Opel Vectra Comfort 2.0 DTI,Opel,2002,318500 km,diesel motor,ročni menjalnik,"1995 ccm,","74 kW / 101 KM
",1100
Opel Zafira Tourer 2.0 CDTi Cosmo Avt.,Opel,2012,204000 km,diesel motor,avtomatski menjalnik,"1956 ccm,","121 kW / 165 KM
",6450
Peugeot 107 -106000KM-GARAIRAN-KLIMA-REDNO SERVISIRAN-,Peugeot,2006,106000 km,bencinski motor,ročni menjalnik,"998 ccm,","50 kW / 68 KM
",1950
Peugeot 2008 1.6 BlueHDI 100 Active-POLOG 1650 DO 84 MESECEV,Peugeot,2017,111510 km,diesel motor,ročni menjalnik,"1560 ccm,","73 kW / 99 KM
",10990
Peugeot 2008 1.6 BlueHDI 100 LED NAVI PANORAMA 1. LASTNIK,Peugeot,2017,109000 km,diesel motor,ročni menjalnik,"1560 ccm,","73 kW / 99 KM
",10790
Peugeot 2008 Allure 1.6 VTi,Peugeot,2014,105004 km,bencinski motor,ročni menjalnik,"1598 ccm,","88 kW / 120 KM
",9499
Peugeot 2008 Allure 1.6 e-HDi,Peugeot,2015,98000 km,diesel motor,ročni menjalnik,"1560 ccm,","68 kW / 92 KM
",10500
Peugeot 206 ,Peugeot,2000,116923 km,bencinski motor,ročni menjalnik,"1100 ccm,","44 kW / 60 KM
",400
Peugeot 206 Cabrio,Peugeot,2001,245000 km,bencinski motor,ročni menjalnik,velikost motorja ni znana,"120 kW / 163 KM
",1800
Peugeot 206 XR Presence 1.4,Peugeot,1999,198000 km,bencinski motor,ročni menjalnik,"1360 ccm,","55 kW / 75 KM
",300
Peugeot 206 XS 1.4,Peugeot,2001,220000 km,bencinski motor,ročni menjalnik,"1360 ccm,","55 kW / 75 KM
",490
Peugeot 3008 1.6 BlueHDI 120 Active Avt.-POLOG 2810 DO 84M,Peugeot,2017,108350 km,diesel motor,avtomatski menjalnik,"1560 ccm,","88 kW / 120 KM
",18690
Peugeot 3008 1.6 BlueHDI 120 Active Avt.polog 2850 do 84 M,Peugeot,2017,82097 km,diesel motor,avtomatski menjalnik,"1560 ccm,","88 kW / 120 KM
",18690
Peugeot 3008 1.6 BlueHDI 120-NAVI-PDC-ALU-LED-ODLIÈEN-GARANCIJA,Peugeot,2017,149530 km,diesel motor,ročni menjalnik,"1560 ccm,","88 kW / 120 KM
",16290
Peugeot 308 SW 1.6 e-HDI Allure FULL LED KOT NOV VELIK SERVIS,Peugeot,2014,179000 km,diesel motor,ročni menjalnik,"1560 ccm,","85 kW / 116 KM
",7600
Peugeot 4007 Premium Pack 2.2 HDi 16V FAP,Peugeot,2009,234100 km,diesel motor,ročni menjalnik,"2179 ccm,","115 kW / 156 KM
",5300
Peugeot 407 1.6 HDI-TEMPOMAT-FINANCIRANJE-...,Peugeot,2007,230000 km,diesel motor,ročni menjalnik,"1560 ccm,","80 kW / 109 KM
",1490
Peugeot 5008 1.6 HDi-SLOVENSKI-SAMO 158.000KM-PDC-CROM-16COL-,Peugeot,2011,158563 km,diesel motor,ročni menjalnik,"1560 ccm,","82 kW / 111 KM
",5950
Peugeot 508 SW 2.0 HDi Allure  SLO Full LED Technology,Peugeot,2015,114000 km,diesel motor,ročni menjalnik,"1997 ccm,","120 kW / 163 KM
",10404
Peugeot Partner 1.6 BlueHDi 100 BERI OPOMBE,Peugeot,2015,99000 km,diesel motor,ročni menjalnik,"1560 ccm,","73 kW / 99 KM
",9190
Peugeot Partner Tepee 1.6 HDi Family,Peugeot,2012,215000 km,diesel motor,ročni menjalnik,"1560 ccm,","68 kW / 92 KM
",6300
Porsche 911 911-SC,Porsche,1982,112000 km,bencinski motor,ročni menjalnik,"2994 ccm,","150 kW / 204 KM
",99900
Porsche 911 Carrera Coupé PDK,Porsche,2016,77400 km,bencinski motor,avtomatski menjalnik,"2981 ccm,","272 kW / 370 KM
",85911
Porsche 911 Carrera Coupé. SLO,Porsche,2007,104000 km,bencinski motor,ročni menjalnik,"3596 ccm,","239 kW / 325 KM
",43500
Porsche Cayenne 3.0 DIESEL-AUT-ZRAÈNO VZMET-XENON-PDC-TEMPOMAT-,Porsche,2010,223000 km,diesel motor,avtomatski menjalnik,"2967 ccm,","176 kW / 239 KM
",14850
Porsche Cayenne S DIESEL-V8-FUL LED-CHRONO-ZRACNO-1LAST,Porsche,2017,151000 km,diesel motor,avtomatski menjalnik,"4134 ccm,","283 kW / 385 KM
",59890
Porsche Panamera 4S PDK ACC,Porsche,2011,196000 km,bencinski motor,avtomatski menjalnik,"4806 ccm,","294 kW / 400 KM
",38000
Porsche Panamera Diesel Tiptronic,Porsche,2013,126600 km,diesel motor,avtomatski menjalnik,"2967 ccm,","184 kW / 250 KM
",51990
Renault Captur dCi 90 Energy Dynamique Start Stop ODLIÈEN,Renault,2017,90000 km,diesel motor,ročni menjalnik,"1461 ccm,","66 kW / 90 KM
",10790
Renault Clio 1.2 16V Dynamique-1 LASTNICA-SLO-ZIMSKE PNEVMATIKE,Renault,2006,145600 km,bencinski motor,ročni menjalnik,"1149 ccm,","55 kW / 75 KM
",2200
Renault Clio 1.2 16V Elan-IZREDNO LEP-VZDREVAN,Renault,2008,159000 km,bencinski motor,ročni menjalnik,"1149 ccm,","55 kW / 75 KM
",2850
Renault Clio 1.2 16V Expression,Renault,2013,63000 km,bencinski motor,ročni menjalnik,"1149 ccm,","54 kW / 73 KM
",6390
Renault Clio 1.2 16V Storia Expression,Renault,2006,175000 km,bencinski motor,ročni menjalnik,"1149 ccm,","55 kW / 75 KM
",1490
Renault Clio 1.2 16V-22.000KM-1.LASTNIK-SLO-LED-NAVI-ODLIÈEN,Renault,2018,22000 km,bencinski motor,ročni menjalnik,"1149 ccm,","54 kW / 73 KM
",8590
Renault Clio 1.2 16V-82000 KM-2.LASTNIK-LEPO OHRANJEN-KLIMA-,Renault,2009,82000 km,bencinski motor,ročni menjalnik,"1149 ccm,","55 kW / 75 KM
",3250
Renault Clio 1.2 Storia Expression,Renault,2010,78000 km,bencinski motor,ročni menjalnik,"1149 ccm,","43 kW / 58 KM
",2500
Renault Clio 1.2 TCE Exception,Renault,2009,146000 km,bencinski motor,ročni menjalnik,"1149 ccm,","74 kW / 101 KM
",2250
Renault Clio 1.2-KREDIT DO 60 OBROKOV BREZ POLOGA-ODLIÈEN,Renault,2007,140000 km,bencinski motor,ročni menjalnik,"1149 ccm,","43 kW / 58 KM
",1990
Renault Clio Grandtour 1.2 16V 1 LASTNIK-SLOVENSKI,Renault,2012,139044 km,bencinski motor,ročni menjalnik,"1149 ccm,","55 kW / 75 KM
",3699
Renault Clio Grandtour dCi 75 ,Renault,2014,167000 km,diesel motor,ročni menjalnik,"1461 ccm,","55 kW / 75 KM
",6200
Renault Clio TCe 75 Life,Renault,2019,5727 km,bencinski motor,ročni menjalnik,"898 ccm,","56 kW / 76 KM
",8490
Renault Espace 2.0 dCi Zen - ALU - NAVIGACIJA - DVD - PANORAMA ,Renault,2013,143857 km,diesel motor,ročni menjalnik,"1995 ccm,","96 kW / 131 KM
",9800
Renault Espace Authentique 1.9 dCi,Renault,2006,215000 km,diesel motor,ročni menjalnik,"1870 ccm,","88 kW / 120 KM
",500
Renault Espace Privilege 2.2 dCi,Renault,2006,250000 km,diesel motor,ročni menjalnik,"2188 ccm,","110 kW / 150 KM
",1200
Renault Grand Scenic ,Renault,2006,271000 km,LPG avtoplin,ročni menjalnik,velikost motorja ni znana,"82 kW / 111 KM
",1750
Renault Grand Scenic 1.9 dCi Privilege Luxe,Renault,2004,207800 km,diesel motor,ročni menjalnik,"1870 ccm,","88 kW / 120 KM
",1250
Renault Kadjar dCi 130 Energy Xmod,Renault,2015,201000 km,diesel motor,ročni menjalnik,"1598 ccm,","96 kW / 131 KM
",10990
Renault Kangoo 1.2 ,Renault,2004,265000 km,bencinski motor,ročni menjalnik,"1149 ccm,","55 kW / 75 KM
",1350
Renault Kangoo Expression 1.5 dCi 1. lASTNIK-SLOVENSKI-KLIMA,Renault,2004,220000 km,diesel motor,ročni menjalnik,"1461 ccm,","60 kW / 82 KM
",1500
Renault Kangoo MAXI Confort 1.5 dCi 110,Renault,2013,262000 km,diesel motor,ročni menjalnik,"1461 ccm,","80 kW / 109 KM
",4990
Renault Laguna Coupé Monaco GP 2.0 dci 4 control,Renault,2011,191500 km,diesel motor,ročni menjalnik,"1995 ccm,","110 kW / 150 KM
",8700
Renault Laguna Dynamique 1.8 16V,Renault,2002,314000 km,bencinski motor,ročni menjalnik,"1783 ccm,","89 kW / 121 KM
",500
Renault Laguna Grandtour Auditorium 1.9 dCi,Renault,2005,210000 km,diesel motor,ročni menjalnik,"1870 ccm,","88 kW / 120 KM
",1050
Renault Laguna Grandtour Privilege 2.0 dCi,Renault,2008,305000 km,diesel motor,ročni menjalnik,"1995 ccm,","110 kW / 150 KM
",1900
Renault Megane ,Renault,1999,125000 km,diesel motor,avtomatski menjalnik,"2143 ccm,","125 kW / 170 KM
",27900
Renault Megane ,Renault,2007,134670 km,bencinski motor,ročni menjalnik,"1598 ccm,","82 kW / 111 KM
",1350
Renault Megane 1.5 dCi-SLOVENSKI-FINANCIRANJE-ODLIÈEN,Renault,2009,180000 km,diesel motor,ročni menjalnik,"1461 ccm,","63 kW / 86 KM
",3290
Renault Megane 1.6 16v,Renault,2003,182356 km,bencinski motor,ročni menjalnik,"1598 ccm,","79 kW / 107 KM
",300
Renault Megane 1.9 dC-BREZ POLOGA-...,Renault,2005,300000 km,diesel motor,ročni menjalnik,"1870 ccm,","88 kW / 120 KM
",1190
Renault Megane Coupé 1.5 dCi Dynamique,Renault,2009,248000 km,diesel motor,ročni menjalnik,"1995 ccm,","130 kW / 177 KM
",7290
Renault Megane Coupé 1.5 dCi Energy GT LINE SLOVENSKI-PDC,Renault,2013,185663 km,diesel motor,ročni menjalnik,"1461 ccm,","81 kW / 110 KM
",4799
Renault Megane Coupé 1.6 16V Authentique Pack,Renault,2003,288000 km,bencinski motor,ročni menjalnik,"1598 ccm,","83 kW / 113 KM
",950
Renault Megane Coupé 1.6 16V Dynamique,Renault,2009,130000 km,bencinski motor,ročni menjalnik,"1598 ccm,","81 kW / 110 KM
",4200
Renault Megane Coupé Renault Sport 2.0T RS Cup,Renault,2011,182000 km,bencinski motor,ročni menjalnik,"1998 ccm,","184 kW / 250 KM
",13500
Renault Megane Grandtour 1.6 16V Dynamique Plus,Renault,2008,180000 km,bencinski motor,ročni menjalnik,"1598 ccm,","82 kW / 111 KM
",1700
Renault Megane Megane 1.6 E RN,Renault,1996,238960 km,bencinski motor,ročni menjalnik,"1598 ccm,","66 kW / 90 KM
",300
Renault Megane Sedan 1.6 16V Dynamique,Renault,2009,196000 km,bencinski motor,ročni menjalnik,"1598 ccm,","82 kW / 111 KM
",799
Renault Scenic 110hp Bose oprema,Renault,2018,48050 km,diesel motor,avtomatski menjalnik,"1461 ccm,","81 kW / 110 KM
",17299
Renault Scenic dCi 110 Dynamique,Renault,2013,170000 km,diesel motor,ročni menjalnik,"1461 ccm,","81 kW / 110 KM
",4400
Renault Scenic dCi 110 Dynamique NAVI PDC,Renault,2013,143000 km,diesel motor,ročni menjalnik,"1461 ccm,","81 kW / 110 KM
",5990
Renault Scenic dCi 95 Authentique,Renault,2014,141000 km,diesel motor,ročni menjalnik,"1461 ccm,","70 kW / 95 KM
",6550
Renault Talisman GT dCi160 EDC NAVI FULL LED BOSE AKTIVNI TEMPOMAT,Renault,2016,81013 km,diesel motor,avtomatski menjalnik,"1598 ccm,","118 kW / 160 KM
",15999
Renault Thalia 1.4 Klima,Renault,2005,141000 km,bencinski motor,ročni menjalnik,"1390 ccm,","55 kW / 75 KM
",950
Renault Twingo SCe 70 Limited-samo 10400km-navi-kamera-pdc,Renault,2018,10400 km,bencinski motor,ročni menjalnik,"999 ccm,","51 kW / 69 KM
",8540
Renault Vel Satis Expression 2.2 dCi,Renault,2004,292000 km,diesel motor,ročni menjalnik,"2188 ccm,","110 kW / 150 KM
",590
Seat Altea 1.2 TSI -SLO -navi.-bi-xenon-trajnik do 84 obrokov,Seat,2015,75400 km,bencinski motor,ročni menjalnik,"1197 ccm,","77 kW / 105 KM
",9700
Seat Altea 1.6 TDI CR Style,Seat,2012,112000 km,diesel motor,ročni menjalnik,"1598 ccm,","77 kW / 105 KM
",7800
Seat Altea Freetrack 2.0 TDI DPF 4WD Premium,Seat,2009,249000 km,diesel motor,ročni menjalnik,"1968 ccm,","125 kW / 170 KM
",3999
Seat Altea XL 1.62.LASTNIK-107000 KM-GARAIRAN-,Seat,2007,107000 km,bencinski motor,ročni menjalnik,"1595 ccm,","75 kW / 102 KM
",3850
Seat Cordoba Fresc 1.9 SDI,Seat,2004,334500 km,diesel motor,ročni menjalnik,"1896 ccm,","47 kW / 64 KM
",1000
Seat Cordoba Soul Stella 1.9 SDI,Seat,2001,340509 km,diesel motor,ročni menjalnik,"1896 ccm,","50 kW / 68 KM
",400
Seat Leon 1.6TDI-START STOP-1.LAST-NAVI-TEMPOMAT-BREZ POLOGA,Seat,2016,144151 km,diesel motor,ročni menjalnik,"1598 ccm,","81 kW / 110 KM
",8540
Seat Leon Stella 1.9 TDI,Seat,2003,323000 km,diesel motor,ročni menjalnik,"1896 ccm,","66 kW / 90 KM
",1800
Smart city coupe coupe,Smart,2001,131300 km,diesel motor,avtomatski menjalnik,velikost motorja ni znana,"30 kW / 41 KM
",1000
Ssangyong Actyon 2.0 XDi Comfort 4×4  ODLICN  MOZNA MENJAVA ,Ssangyong,2007,250000 km,diesel motor,ročni menjalnik,"1998 ccm,","104 kW / 141 KM
",2290
Ssangyong Musso 2.9d,Ssangyong,1999,300000 km,diesel motor,ročni menjalnik,velikost motorja ni znana,"77 kW / 105 KM
",1390
Subaru Forester 2.0 BENCIN -  AWD 4x4 - SLO - I.LASTNIK - KOT NOV.,Subaru,2010,145000 km,bencinski motor,ročni menjalnik,"1994 ccm,","110 kW / 150 KM
",11770
Subaru Forester 2.0D Trend AWD,Subaru,2011,120000 km,diesel motor,ročni menjalnik,"1998 ccm,","108 kW / 147 KM
",7990
Subaru Impreza SPORT Lineartronic 4WD,Subaru,2017,7971 km,bencinski motor,avtomatski menjalnik,"1995 ccm,","115 kW / 156 KM
",23550
Suzuki Baleno Sedan 1.6 GLX SSCS-77.000.KM-KOT NOV-,Suzuki,1996,77000 km,bencinski motor,ročni menjalnik,"1590 ccm,","73 kW / 99 KM
",1850
Suzuki Grand Vitara 2.0 TD,Suzuki,2003,187234 km,diesel motor,ročni menjalnik,"1997 ccm,","80 kW / 109 KM
",3990
Suzuki Jimny ,Suzuki,2003,23300 km,diesel motor,ročni menjalnik,velikost motorja ni znana,"59 kW / 80 KM
",4250
Suzuki Liana 1.3 GL,Suzuki,2002,190000 km,bencinski motor,ročni menjalnik,"1328 ccm,","66 kW / 90 KM
",650
Suzuki SX4 S-Cross 1.0 Boosterjet ALLGRIP Premium,Suzuki,2020,3500 km,bencinski motor,ročni menjalnik,"988 ccm,","82 kW / 111 KM
",9990
Suzuki Samurai LX,Suzuki,1997,207488 km,bencinski motor,ročni menjalnik,"1298 ccm,","51 kW / 69 KM
",5500
Suzuki Vitara 1.6 4x4-SLO -59.000 km -trajnik do 84 obrokov,Suzuki,2016,59000 km,bencinski motor,ročni menjalnik,"1586 ccm,","88 kW / 120 KM
",14990
Toyota Avensis 2.0 D-4D EXECUTIVE+SLO+NAVI+KAMERA+GRET.SEDEV,Toyota,2014,126800 km,diesel motor,ročni menjalnik,"1998 ccm,","91 kW / 124 KM
",9990
Toyota C-HR C-HR NG16,Toyota,2018,44000 km,hibridni pogon,avtomatski menjalnik,"1800 ccm,","90 kW / 122 KM
",45999
Toyota IQ iQ 1.0 VVT-i - NA OBROKE BREZ POLOGA -,Toyota,2010,80000 km,bencinski motor,ročni menjalnik,"998 ccm,","50 kW / 68 KM
",4390
Toyota Verso 1.6 Luna,Toyota,2011,126033 km,bencinski motor,ročni menjalnik,"1598 ccm,","97 kW / 132 KM
",8800
Toyota Verso S ,Toyota,2016,118000 km,diesel motor,ročni menjalnik,"1598 ccm,","82 kW / 111 KM
",11200
Toyota Yaris 1.0 VVT-i Cool Luna,Toyota,2004,169000 km,bencinski motor,ročni menjalnik,"998 ccm,","48 kW / 65 KM
",1450
Toyota Yaris 1.0 VVT-i Style-1.LASTNICA-SLO POREKLO-SERVIS.KNJ,Toyota,2010,231000 km,bencinski motor,ročni menjalnik,"998 ccm,","51 kW / 69 KM
",2750
Toyota Yaris 1.0 VVT-i-SAMO 63000KM-1.LASTNIK-GARAIRAN-5 VRAT-,Toyota,2012,63000 km,bencinski motor,ročni menjalnik,"998 ccm,","51 kW / 69 KM
",6250
Volkswagen Caddy 1.9 TDI,Volkswagen,2007,376000 km,diesel motor,ročni menjalnik,"1896 ccm,","77 kW / 105 KM
",4000
Volkswagen Caddy 4-motion 2.0TDI-2 x DRSNA VRATA-VRHUNSKI,Volkswagen,2013,169720 km,diesel motor,ročni menjalnik,"1968 ccm,","81 kW / 110 KM
",11490
Volkswagen Golf ,Volkswagen,1999,233395 km,bencinski motor,ročni menjalnik,"1390 ccm,","55 kW / 75 KM
",500
Volkswagen Golf 1.6 TDI  Comfortline,Volkswagen,2016,75000 km,diesel motor,ročni menjalnik,"1598 ccm,","81 kW / 110 KM
",12390
Volkswagen Golf 1.6 TDI BMT Comfortline,Volkswagen,2017,92900 km,diesel motor,ročni menjalnik,"1598 ccm,","81 kW / 110 KM
",13200
Volkswagen Golf 1.6-R LOOK-SLOVENSKI-SAMO 166.000KM-NAVI-KAMERA-,Volkswagen,2006,166571 km,bencinski motor,ročni menjalnik,"1595 ccm,","75 kW / 102 KM
",5350
Volkswagen Golf 2.0 GTD BMT FUL LED-NAVI-ALU-ACC,Volkswagen,2018,145000 km,diesel motor,ročni menjalnik,"1968 ccm,","135 kW / 184 KM
",17990
Volkswagen Golf 2.0 TDI-4MOTION-HIGHLINE-MASAA+GRETJE-SED-XEN-PDC,Volkswagen,2015,150000 km,diesel motor,ročni menjalnik,"1968 ccm,","110 kW / 150 KM
",12940
Volkswagen Golf 4motion Basis 1.8,Volkswagen,1999,223000 km,bencinski motor,ročni menjalnik,"1781 ccm,","92 kW / 125 KM
",800
Volkswagen Golf Comfortline 1.6 TDI,Volkswagen,2010,133125 km,diesel motor,ročni menjalnik,"1598 ccm,","77 kW / 105 KM
",6500
Volkswagen Golf Comfortline 1.9 TDI,Volkswagen,2007,121000 km,diesel motor,ročni menjalnik,"1896 ccm,","66 kW / 90 KM
",4990
Volkswagen Golf Plus 1.6 TDI-SERVISNA KNJIGA-SLOVENSKI-ODLIÈEN,Volkswagen,2011,220000 km,diesel motor,ročni menjalnik,"1598 ccm,","77 kW / 105 KM
",5990
Volkswagen Golf Plus Comfortline 1.6 TDI,Volkswagen,2011,156000 km,diesel motor,ročni menjalnik,"1598 ccm,","77 kW / 105 KM
",6990
Volkswagen Golf Sportsvan 1.6 TDI BMT Highline DSG,Volkswagen,2014,180000 km,diesel motor,avtomatski menjalnik,"1598 ccm,","81 kW / 110 KM
",13000
Volkswagen Golf Sportsvan 2.0 TDI BMT Highline DSG,Volkswagen,2014,168000 km,diesel motor,avtomatski menjalnik,"1968 ccm,","110 kW / 150 KM
",13990
Volkswagen Golf Variant 1.6 TDI BMT Comfortline DSG,Volkswagen,2017,124350 km,diesel motor,avtomatski menjalnik,"1598 ccm,","85 kW / 116 KM
",14680
Volkswagen Golf Variant 1.6 TDI BMT Comfortline LED+ALCANTARA+NAVI,Volkswagen,2017,125000 km,diesel motor,ročni menjalnik,"1598 ccm,","85 kW / 116 KM
",10980
Volkswagen Golf Variant 2.0 TDI BMT R-Line-PANO-USNJE-DYNAUDIO,Volkswagen,2017,149000 km,diesel motor,ročni menjalnik,"1968 ccm,","110 kW / 150 KM
",16990
Volkswagen Multivan 2.5 TDI highline,Volkswagen,2003,268000 km,diesel motor,ročni menjalnik,"2460 ccm,","128 kW / 174 KM
",6400
Volkswagen Passat 1.6 TDI DSG Avt. ODPRTI SMO,Volkswagen,2017,240033 km,diesel motor,avtomatski menjalnik,"1598 ccm,","88 kW / 120 KM
",11700
Volkswagen Passat 1.6 TDI MONOST HITREGA KREDITA,Volkswagen,2010,230198 km,diesel motor,ročni menjalnik,"1598 ccm,","77 kW / 105 KM
",5499
Volkswagen Passat 1.9 TDI Basis,Volkswagen,2002,315000 km,diesel motor,ročni menjalnik,"1896 ccm,","96 kW / 131 KM
",2100
Volkswagen Passat 2.0 TDI 1.LASTNIK GR.SEDEEV ACC VLEÈNA KLJUKA,Volkswagen,2015,174000 km,diesel motor,ročni menjalnik,"1968 ccm,","110 kW / 150 KM
",12500
Volkswagen Passat 2.0 TDI BMT Highline DSG,Volkswagen,2016,126000 km,diesel motor,avtomatski menjalnik,"1968 ccm,","140 kW / 190 KM
",15500
Volkswagen Passat 2.0 TDI+R-Line+190+DIG.TEVCI+19COL+RADAR TEMP,Volkswagen,2016,161000 km,diesel motor,avtomatski menjalnik,"1968 ccm,","140 kW / 190 KM
",16785
Volkswagen Passat 2.0 TDI-LIZING ZA TUJCE-XENON-NAVI-DSG-F1-ODLIÈEN,Volkswagen,2014,238000 km,diesel motor,avtomatski menjalnik,"1968 ccm,","103 kW / 140 KM
",7950
Volkswagen Passat 4motion 2.0 TDI BMT Highline DSG,Volkswagen,2016,104200 km,diesel motor,avtomatski menjalnik,"1968 ccm,","176 kW / 239 KM
",20500
Volkswagen Passat 4motion 2.0 TDI Highline ODPRTI SMO,Volkswagen,2006,306619 km,diesel motor,ročni menjalnik,"1968 ccm,","103 kW / 140 KM
",6490
Volkswagen Passat VARIANT 2.0 TDI COMFORTLINE-DSG-NAVI-PARK-ACC-1LAS,Volkswagen,2017,179000 km,diesel motor,avtomatski menjalnik,"1968 ccm,","110 kW / 150 KM
",12690
Volkswagen Passat Variant 1.6 TDI BMT Comfortline,Volkswagen,2011,230000 km,diesel motor,ročni menjalnik,"1598 ccm,","77 kW / 105 KM
",6200
Volkswagen Passat Variant 1.9 TDI Comfortline,Volkswagen,2005,340000 km,diesel motor,ročni menjalnik,"1896 ccm,","77 kW / 105 KM
",1990
Volkswagen Passat Variant 1.9 TDI Comfortline Avt. klima NA OBROKE,Volkswagen,2006,337925 km,diesel motor,ročni menjalnik,"1896 ccm,","77 kW / 105 KM
",2999
Volkswagen Passat Variant 2.0 TDI BMT CL ACC-2xPANORAMA-ALU-NAVI-PDC,Volkswagen,2015,152570 km,diesel motor,ročni menjalnik,"1968 ccm,","110 kW / 150 KM
",13590
Volkswagen Passat Variant 2.0 TDI BMT Comfortline,Volkswagen,2012,268000 km,diesel motor,ročni menjalnik,"1968 ccm,","103 kW / 140 KM
",7500
Volkswagen Passat Variant 2.0 TDI BMT Comfortline,Volkswagen,2017,103039 km,diesel motor,ročni menjalnik,"1968 ccm,","110 kW / 150 KM
",21990
Volkswagen Passat Variant 2.0 TDI BMT Connect DSG,Volkswagen,2018,47800 km,diesel motor,avtomatski menjalnik,"1968 ccm,","110 kW / 150 KM
",24000
Volkswagen Passat Variant 2.0 TDI BMT Highline DSG LED-NAVI-2XPD-A18,Volkswagen,2017,153046 km,diesel motor,avtomatski menjalnik,"1968 ccm,","110 kW / 150 KM
",15680
Volkswagen Passat Variant 2.0 TDI Business,Volkswagen,2014,164420 km,diesel motor,ročni menjalnik,"1968 ccm,","103 kW / 140 KM
",9490
Volkswagen Passat Variant 2.0 TDI Comfortline,Volkswagen,2006,298000 km,bencinski motor,ročni menjalnik,"1591 ccm,","93 kW / 126 KM
",2300
Volkswagen Passat Variant 2.0 TDI Highline DSG Digitalni tevci,Volkswagen,2017,143400 km,diesel motor,avtomatski menjalnik,"1968 ccm,","110 kW / 150 KM
",31999
Volkswagen Passat Variant 2.0 TDI LED AROMETI+NAVIGACIJA...,Volkswagen,2017,73319 km,diesel motor,ročni menjalnik,"1968 ccm,","110 kW / 150 KM
",16499
Volkswagen Polo 1.2 TDI Trendline,Volkswagen,2011,211000 km,diesel motor,ročni menjalnik,"1199 ccm,","55 kW / 75 KM
",4150
Volkswagen Polo 1.2 TDI-¤SAMO 99000¤1.LASTNIK,Volkswagen,2013,99386 km,diesel motor,ročni menjalnik,"1199 ccm,","55 kW / 75 KM
",6790
Volkswagen Polo 1.2 TSI Comfortline  + ALU + NAVI + BREZ POLOGA,Volkswagen,2012,211215 km,bencinski motor,ročni menjalnik,"1197 ccm,","77 kW / 105 KM
",4699
Volkswagen Polo 1.4 TDI Business - NAVIGACIJA - 2 X PDC - TEMPOMAT,Volkswagen,2015,119156 km,diesel motor,ročni menjalnik,"1422 ccm,","55 kW / 75 KM
",7300
Volkswagen Polo Limuzina 1.4,Volkswagen,2000,247000 km,bencinski motor,ročni menjalnik,"1390 ccm,","55 kW / 75 KM
",230
Volkswagen Polo SDI,Volkswagen,2004,162000 km,diesel motor,ročni menjalnik,"1896 ccm,","47 kW / 64 KM
",2300
Volkswagen Scirocco ODPRTI SMO- OBROK 123 EUR - POLOG 1748 EUR,Volkswagen,2008,225876 km,bencinski motor,ročni menjalnik,"1984 ccm,","147 kW / 200 KM
",6990
Volkswagen Sharan 2.0 TDI BMT  SOUND.BI-XENON.ACC.KAMERA.EL.VRATA,Volkswagen,2017,145241 km,diesel motor,ročni menjalnik,"1968 ccm,","110 kW / 150 KM
",19990
Volkswagen Sharan 2.0 TDI BlueMotion Technology Comfortline KREDIT,Volkswagen,2011,245000 km,diesel motor,ročni menjalnik,"1968 ccm,","103 kW / 140 KM
",8899
Volkswagen Sharan 2.0 TDI Comfortline,Volkswagen,2008,207000 km,diesel motor,ročni menjalnik,"1968 ccm,","103 kW / 140 KM
",4490
Volkswagen Sharan 2.0 TDI-XENON-NAVI-PDC-GR SEDEEV,Volkswagen,2015,179500 km,diesel motor,ročni menjalnik,"1968 ccm,","103 kW / 140 KM
",13590
Volkswagen Tiguan 1.4 TSI 4motion Sport Style,Volkswagen,2012,104849 km,bencinski motor,ročni menjalnik,"1390 ccm,","118 kW / 160 KM
",10490
Volkswagen Tiguan 2.0 TDI 4motion-SERV.KNJIGA-SLOVENSKI-ODLIÈEN ,Volkswagen,2008,195000 km,diesel motor,ročni menjalnik,"1968 ccm,","103 kW / 140 KM
",8490
Volkswagen Tiguan 2.0 TDI BMT Comfortline DSG,Volkswagen,2016,181000 km,diesel motor,avtomatski menjalnik,"1968 ccm,","110 kW / 150 KM
",19500
Volkswagen Tiguan 2.0 TDI BMT Trend Fun,Volkswagen,2015,128000 km,diesel motor,ročni menjalnik,"1968 ccm,","81 kW / 110 KM
",12500
Volkswagen Tiguan 2.0 TDI BlueMotion Sport Style,Volkswagen,2010,212000 km,diesel motor,ročni menjalnik,"1968 ccm,","103 kW / 140 KM
",9900
Volkswagen Tiguan 2.0TDI BMT Trend Fun,Volkswagen,2012,143000 km,diesel motor,ročni menjalnik,"1968 ccm,","81 kW / 110 KM
",11000
Volkswagen Touareg 2.5 R5 TDI Tiptronic,Volkswagen,2004,334000 km,diesel motor,avtomatski menjalnik,"2461 ccm,","128 kW / 174 KM
",4190
Volkswagen Touran 1.6 TDI -LIZING ZA TUJCE-NAVI-PDC-TEMPOMAT-ODLIÈEN,Volkswagen,2012,274000 km,diesel motor,ročni menjalnik,"1598 ccm,","77 kW / 105 KM
",5950
Volkswagen Touran 1.6 TDI ALU.PLATIÈA-AVT.KLIMA-ODLIÈEN,Volkswagen,2012,188380 km,diesel motor,ročni menjalnik,"1598 ccm,","77 kW / 105 KM
",6890
Volkswagen Touran 1.6 TDI BlueMotion Tech. Comfortline,Volkswagen,2013,260000 km,diesel motor,ročni menjalnik,"1598 ccm,","77 kW / 105 KM
",5990
Volkswagen Touran 1.6 TDI BlueMotion Tech. Comfortline Sky DSG,Volkswagen,2015,177000 km,diesel motor,avtomatski menjalnik,"1598 ccm,","77 kW / 105 KM
",9590
Volkswagen Touran 1.9 TDI Trendline,Volkswagen,2007,248300 km,diesel motor,ročni menjalnik,"1896 ccm,","77 kW / 105 KM
",4200
Volkswagen Touran 1.9 TDI Trendline,Volkswagen,2007,197800 km,diesel motor,ročni menjalnik,"1896 ccm,","77 kW / 105 KM
",3990
Volkswagen Touran 2.0 TDI BlueMotion Tech. Comforline,Volkswagen,2014,237084 km,diesel motor,ročni menjalnik,"1968 ccm,","103 kW / 140 KM
",9300
Volkswagen Touran 2.0 TDI BlueMotion Tech. Comfortline,Volkswagen,2013,218000 km,diesel motor,ročni menjalnik,"1968 ccm,","103 kW / 140 KM
",7900
Volkswagen Touran 2.0TDI+XENON+LED+NAVI+TEMPOMAT+KROM+ODLIÈEN,Volkswagen,2012,256000 km,diesel motor,ročni menjalnik,"1968 ccm,","103 kW / 140 KM
",7850
Volkswagen Transporter 2.5 TDI 4motion-8 sedeev-KMR-SLO-2x klima-alu,Volkswagen,2007,180582 km,diesel motor,ročni menjalnik,"1560 ccm,","68 kW / 92 KM
",5800
Volkswagen Transporter 2.5 TDI-9 sedeev-DMR-SLO-2x klima-alu,Volkswagen,2007,315000 km,diesel motor,ročni menjalnik,"2460 ccm,","96 kW / 131 KM
",5490
Volkswagen Transporter T6 Kombi  7+1  2.0 TDI KMR,Volkswagen,2018,16771 km,diesel motor,ročni menjalnik,"1968 ccm,","75 kW / 102 KM
",41850
Volkswagen up! ,Volkswagen,2018,64000 km,bencinski motor,ročni menjalnik,"999 ccm,","66 kW / 90 KM
",11180
Volvo S80 2.5 TDi avt. Klima,Volvo,2001,239000 km,diesel motor,ročni menjalnik,"2498 ccm,","103 kW / 140 KM
",1100
Volvo S80 D5-Executive -Geartronic-SLO-XENON-NAVI-MAX OPREMA,Volvo,2008,269855 km,diesel motor,avtomatski menjalnik,"2400 ccm,","136 kW / 185 KM
",5999
Volvo V50 1.6 D-USNJE-TEMPOMAT-ALU-FINANCIRANJE-,Volvo,2008,260000 km,diesel motor,ročni menjalnik,"1560 ccm,","80 kW / 109 KM
",2990
Volvo V70 D3 Polar Luxury+Priklop ,Volvo,2016,174110 km,diesel motor,ročni menjalnik,"1969 ccm,","110 kW / 150 KM
",13890
Volvo XC60 D3-XENON-RADAR-WEBASTO-LINE ASSIST,Volvo,2017,186214 km,diesel motor,ročni menjalnik,"1969 ccm,","110 kW / 150 KM
",18380
Volvo XC90 AWD D5 Summum-Roèni menjalnik-7 sedeev-Webasto,Volvo,2005,244000 km,diesel motor,ročni menjalnik,"2401 ccm,","120 kW / 163 KM
",7700
Volvo XC90 D4 Momentum Geartronic,Volvo,2016,92350 km,diesel motor,avtomatski menjalnik,"1969 ccm,","140 kW / 190 KM
",32500
Zastava 750 ,Zastava,1976,78000 km,bencinski motor,ročni menjalnik,velikost motorja ni znana,"92 kW / 125 KM
",5500
